plot_visit,plot,year,treatment_manual,years_manual,years_post,treatment,region,area,treatment_code,years_post,treatment,burns,thins,pileburns,monitoring_status,treatment_code,entered_seq,issue_year,issue_treatment,cut,issue_description
lr01_2001_-1_-1,lr01,2001,pretreatment_current,-1,-1,pretreatment_current,lake roosevelt,evans,-1,-1,pretreatment_current,0,0,0,-1pre-1,-1,1,0,0,0,
lr01_2002_02_01,lr01,2002,thin,1,1,thin,lake roosevelt,evans,2,1,thin,0,1,0,02year01,2,2,0,0,0,
lr01_2004_04_00,lr01,2004,thin_burn,0,0,thin_burn,lake roosevelt,evans,4,0,thin_burn,1,1,0,04post00,4,3,0,0,0,
lr01_2005_04_01,lr01,2005,thin_burn,1,1,thin_burn,lake roosevelt,evans,4,1,thin_burn,1,1,0,04year01,4,4,0,0,0,
lr01_2006_04_02,lr01,2006,thin_burn,2,2,thin_burn,lake roosevelt,evans,4,2,thin_burn,1,1,0,04year02,4,5,0,0,0,
lr01_2009_04_05,lr01,2009,thin_burn,5,5,thin_burn,lake roosevelt,evans,4,5,thin_burn,1,1,0,04year05,4,6,0,0,0,
lr91_2011_-1_-1,lr91,2011,pretreatment_current,-1,-1,pretreatment_current,lake roosevelt,sterling valley,-1,-1,pretreatment_current,0,0,0,-1pre-1,-1,7,0,0,0,
lr91_2013_03_01,lr91,2013,pileburn,1,1,pileburn,lake roosevelt,sterling valley,3,1,pileburn,0,0,1,03year01,3,8,0,0,0,
lr91_2014_03_02,lr91,2014,pileburn,2,2,pileburn,lake roosevelt,sterling valley,3,2,pileburn,0,0,1,03year02,3,9,0,0,0,
lr01_2014_04_10,lr01,2014,thin_burn,10,10,thin_burn,lake roosevelt,evans,4,10,thin_burn,1,1,0,04year10,4,10,0,0,0,
lr91_2017_03_05,lr91,2017,pileburn,5,5,pileburn,lake roosevelt,sterling valley,3,5,pileburn,0,0,1,03year05,3,11,0,0,0,
lr01_2019_05_00,lr01,2019,thin_burn_burn,0,0,thin_burn_burn,lake roosevelt,evans,5,0,thin_burn_burn,2,1,0,05post00,5,12,0,0,0,
lr02_2001_-1_-1,lr02,2001,pretreatment_current,-1,-1,pretreatment_current,lake roosevelt,evans,-1,-1,pretreatment_current,0,0,0,-1pre-1,-1,13,0,0,0,
lr02_2002_02_01,lr02,2002,thin,1,1,thin,lake roosevelt,evans,2,1,thin,0,1,0,02year01,2,14,0,0,0,
lr02_2004_04_00,lr02,2004,thin_burn,0,0,thin_burn,lake roosevelt,evans,4,0,thin_burn,1,1,0,04post00,4,15,0,0,0,
lr02_2005_04_01,lr02,2005,thin_burn,1,1,thin_burn,lake roosevelt,evans,4,1,thin_burn,1,1,0,04year01,4,16,0,0,0,
lr02_2006_04_02,lr02,2006,thin_burn,2,2,thin_burn,lake roosevelt,evans,4,2,thin_burn,1,1,0,04year02,4,17,0,0,0,
lr02_2009_04_05,lr02,2009,thin_burn,5,5,thin_burn,lake roosevelt,evans,4,5,thin_burn,1,1,0,04year05,4,18,0,0,0,
lr92_2011_-1_-1,lr92,2011,pretreatment_current,-1,-1,pretreatment_current,lake roosevelt,sterling valley,-1,-1,pretreatment_current,0,0,0,-1pre-1,-1,19,0,0,0,
lr92_2013_03_00,lr92,2013,pileburn,0,0,pileburn,lake roosevelt,sterling valley,3,0,pileburn,0,0,1,03post00,3,20,0,0,0,
lr92_2013_03_01,lr92,2013,pileburn,0,1,pileburn,lake roosevelt,sterling valley,3,1,pileburn,0,0,1,03year01,3,21,1,0,1,duplicate year but coded as two different years
lr92_2014_03_02,lr92,2014,pileburn,1,2,pileburn,lake roosevelt,sterling valley,3,2,pileburn,0,0,1,03year02,3,22,0,0,0,
lr02_2014_04_10,lr02,2014,thin_burn,10,10,thin_burn,lake roosevelt,evans,4,10,thin_burn,1,1,0,04year10,4,23,0,0,0,
lr92_2017_03_05,lr92,2017,pileburn,5,5,pileburn,lake roosevelt,sterling valley,3,5,pileburn,0,0,1,03year05,3,24,0,0,0,
lr02_2019_05_00,lr02,2019,thin_burn_burn,0,0,thin_burn_burn,lake roosevelt,evans,5,0,thin_burn_burn,2,1,0,05post00,5,25,0,0,0,
lr03_2001_-1_-1,lr03,2001,pretreatment_current,-1,-1,pretreatment_current,lake roosevelt,gifford clover,-1,-1,pretreatment_current,0,0,0,-1pre-1,-1,26,0,0,0,
lr03_2002_02_01,lr03,2002,thin,1,1,thin,lake roosevelt,gifford clover,2,1,thin,0,1,0,02year01,2,27,0,0,0,
lr03_2004_04_00,lr03,2004,thin_burn,0,0,thin_burn,lake roosevelt,gifford clover,4,0,thin_burn,1,1,0,04post00,4,28,0,0,0,
lr03_2005_04_01,lr03,2005,thin_burn,1,1,thin_burn,lake roosevelt,gifford clover,4,1,thin_burn,1,1,0,04year01,4,29,0,0,0,
lr03_2006_04_02,lr03,2006,thin_burn,2,2,thin_burn,lake roosevelt,gifford clover,4,2,thin_burn,1,1,0,04year02,4,30,0,0,0,
lr03_2009_04_05,lr03,2009,thin_burn,5,5,thin_burn,lake roosevelt,gifford clover,4,5,thin_burn,1,1,0,04year05,4,31,0,0,0,
lr93_2011_-1_-1,lr93,2011,pretreatment_current,-1,-1,pretreatment_current,lake roosevelt,sterling valley,-1,-1,pretreatment_current,0,0,0,-1pre-1,-1,32,0,0,0,
lr93_2013_03_00,lr93,2013,pileburn,0,0,pileburn,lake roosevelt,sterling valley,3,0,pileburn,0,0,1,03post00,3,33,0,0,0,
lr93_2013_03_01,lr93,2013,pileburn,0,1,pileburn,lake roosevelt,sterling valley,3,1,pileburn,0,0,1,03year01,3,34,1,0,1,duplicate year but coded as two different years
lr93_2014_03_02,lr93,2014,pileburn,1,2,pileburn,lake roosevelt,sterling valley,3,2,pileburn,0,0,1,03year02,3,35,0,0,0,
lr03_2014_04_10,lr03,2014,thin_burn,10,10,thin_burn,lake roosevelt,gifford clover,4,10,thin_burn,1,1,0,04year10,4,36,0,0,0,
lr93_2017_03_05,lr93,2017,pileburn,5,5,pileburn,lake roosevelt,sterling valley,3,5,pileburn,0,0,1,03year05,3,37,0,0,0,
lr03_2019_04_15,lr03,2019,thin_burn,15,15,thin_burn,lake roosevelt,gifford clover,4,15,thin_burn,1,1,0,04year15,4,38,0,0,0,
lr04_2001_-1_-1,lr04,2001,pretreatment_current,-1,-1,pretreatment_current,lake roosevelt,gifford clover,-1,-1,pretreatment_current,0,0,0,-1pre-1,-1,39,0,0,0,
lr04_2002_02_01,lr04,2002,thin,1,1,thin,lake roosevelt,gifford clover,2,1,thin,0,1,0,02year01,2,40,0,0,0,
lr04_2004_04_00,lr04,2004,thin_burn,0,0,thin_burn,lake roosevelt,gifford clover,4,0,thin_burn,1,1,0,04post00,4,41,0,0,0,
lr04_2005_04_01,lr04,2005,thin_burn,1,1,thin_burn,lake roosevelt,gifford clover,4,1,thin_burn,1,1,0,04year01,4,42,0,0,0,
lr04_2006_04_02,lr04,2006,thin_burn,2,2,thin_burn,lake roosevelt,gifford clover,4,2,thin_burn,1,1,0,04year02,4,43,0,0,0,
lr04_2009_04_05,lr04,2009,thin_burn,5,5,thin_burn,lake roosevelt,gifford clover,4,5,thin_burn,1,1,0,04year05,4,44,0,0,0,
lr04_2014_04_10,lr04,2014,thin_burn,10,10,thin_burn,lake roosevelt,gifford clover,4,10,thin_burn,1,1,0,04year10,4,45,0,0,0,
lr04_2019_04_15,lr04,2019,thin_burn,15,15,thin_burn,lake roosevelt,gifford clover,4,15,thin_burn,1,1,0,04year15,4,46,0,0,0,
lr05_2001_-1_-1,lr05,2001,pretreatment_current,-1,-1,pretreatment_current,lake roosevelt,gifford clover,-1,-1,pretreatment_current,0,0,0,-1pre-1,-1,47,0,0,0,
lr05_2002_02_01,lr05,2002,thin,1,1,thin,lake roosevelt,gifford clover,2,1,thin,0,1,0,02year01,2,48,0,0,0,
lr05_2004_04_00,lr05,2004,thin_burn,0,0,thin_burn,lake roosevelt,gifford clover,4,0,thin_burn,1,1,0,04post00,4,49,0,0,0,
lr05_2005_04_01,lr05,2005,thin_burn,1,1,thin_burn,lake roosevelt,gifford clover,4,1,thin_burn,1,1,0,04year01,4,50,0,0,0,
lr05_2006_04_02,lr05,2006,thin_burn,2,2,thin_burn,lake roosevelt,gifford clover,4,2,thin_burn,1,1,0,04year02,4,51,0,0,0,
lr05_2009_04_05,lr05,2009,thin_burn,5,5,thin_burn,lake roosevelt,gifford clover,4,5,thin_burn,1,1,0,04year05,4,52,0,0,0,
lr05_2014_04_10,lr05,2014,thin_burn,10,10,thin_burn,lake roosevelt,gifford clover,4,10,thin_burn,1,1,0,04year10,4,53,0,0,0,
lr05_2019_04_15,lr05,2019,thin_burn,15,15,thin_burn,lake roosevelt,gifford clover,4,15,thin_burn,1,1,0,04year15,4,54,0,0,0,
lr06_2001_-1_-1,lr06,2001,pretreatment_current,-1,-1,pretreatment_current,lake roosevelt,kettle falls,-1,-1,pretreatment_current,0,0,0,-1pre-1,-1,55,0,0,0,
lr06_2012_02_01,lr06,2012,thin,1,1,thin,lake roosevelt,kettle falls,2,1,thin,0,1,0,02year01,2,56,0,0,0,
lr06_2013_07_00,lr06,2013,thin_thin_burn,0,0,thin_thin_burn,lake roosevelt,kettle falls,7,0,thin_thin_burn,1,2,0,07post00,7,57,0,0,0,
lr06_2015_07_02,lr06,2015,thin_thin_burn,2,2,thin_thin_burn,lake roosevelt,kettle falls,7,2,thin_thin_burn,1,2,0,07year02,7,58,0,0,0,
lr06_2018_07_05,lr06,2018,thin_thin_burn,5,5,thin_thin_burn,lake roosevelt,kettle falls,7,5,thin_thin_burn,1,2,0,07year05,7,59,0,0,0,
lr07_2001_-1_-1,lr07,2001,pretreatment_current,-1,-1,pretreatment_current,lake roosevelt,kettle falls,-1,-1,pretreatment_current,0,0,0,-1pre-1,-1,60,0,0,0,
lr07_2011_02_02,lr07,2011,thin,2,2,thin,lake roosevelt,kettle falls,2,2,thin,0,1,0,02year02,2,61,0,0,0,
lr07_2013_07_00,lr07,2013,thin_thin_burn,0,0,thin_thin_burn,lake roosevelt,kettle falls,7,0,thin_thin_burn,1,2,0,07post00,7,62,0,0,0,
lr07_2015_07_02,lr07,2015,thin_thin_burn,2,2,thin_thin_burn,lake roosevelt,kettle falls,7,2,thin_thin_burn,1,2,0,07year02,7,63,0,0,0,
lr07_2018_07_05,lr07,2018,thin_thin_burn,5,5,thin_thin_burn,lake roosevelt,kettle falls,7,5,thin_thin_burn,1,2,0,07year05,7,64,0,0,0,
lr08_2001_-1_-1,lr08,2001,pretreatment_current,-1,-1,pretreatment_current,lake roosevelt,kettle falls,-1,-1,pretreatment_current,0,0,0,-1pre-1,-1,65,0,0,0,
lr08_2009_04_00,lr08,2009,thin_burn,0,0,thin_burn,lake roosevelt,kettle falls,4,0,thin_burn,1,1,0,04post00,4,66,0,0,0,
lr08_2010_04_01,lr08,2010,thin_burn,1,1,thin_burn,lake roosevelt,kettle falls,4,1,thin_burn,1,1,0,04year01,4,67,0,0,0,
lr08_2011_07_02,lr08,2011,thin_burn_thin,0,2,thin_thin_burn,lake roosevelt,kettle falls,7,2,thin_thin_burn,1,2,0,07year02,7,68,1,0,0,a year two should be a zero
lr08_2012_12_00,lr08,2012,thin_burn_thin_pileburn,0,0,thin_thin_pileburn_pileburn,lake roosevelt,kettle falls,12,0,thin_thin_pileburn_pileburn,0,2,2,12post00,12,69,0,0,0,Changed from thin_thin_pileburn_pileburn to thin_burn_thin_pileburn
lr08_2012_12_01,lr08,2012,thin_burn_thin_pileburn,1,1,thin_thin_pileburn_pileburn,lake roosevelt,kettle falls,12,1,thin_thin_pileburn_pileburn,0,2,2,12year01,12,70,0,0,0,Changed from thin_thin_pileburn_pileburn to thin_burn_thin_pileburn
lr08_2013_12_02,lr08,2013,thin_burn_thin_pileburn,2,2,thin_thin_pileburn_pileburn,lake roosevelt,kettle falls,12,2,thin_thin_pileburn_pileburn,0,2,2,12year02,12,71,0,0,0,Changed from thin_thin_pileburn_pileburn to thin_burn_thin_pileburn
lr08_2016_12_05,lr08,2016,thin_burn_thin_pileburn,5,5,thin_thin_pileburn_pileburn,lake roosevelt,kettle falls,12,5,thin_thin_pileburn_pileburn,0,2,2,12year05,12,72,0,0,0,Changed from thin_thin_pileburn_pileburn to thin_burn_thin_pileburn
lr09_2001_-1_-1,lr09,2001,pretreatment_current,-1,-1,pretreatment_current,lake roosevelt,evans,-1,-1,pretreatment_current,0,0,0,-1pre-1,-1,73,0,0,0,
lr09_2002_02_01,lr09,2002,thin,1,1,thin,lake roosevelt,evans,2,1,thin,0,1,0,02year01,2,74,0,0,0,
lr09_2004_04_00,lr09,2004,thin_burn,0,0,thin_burn,lake roosevelt,evans,4,0,thin_burn,1,1,0,04post00,4,75,0,0,0,
lr09_2005_04_01,lr09,2005,thin_burn,1,1,thin_burn,lake roosevelt,evans,4,1,thin_burn,1,1,0,04year01,4,76,0,0,0,
lr09_2006_04_02,lr09,2006,thin_burn,2,2,thin_burn,lake roosevelt,evans,4,2,thin_burn,1,1,0,04year02,4,77,0,0,0,
lr09_2009_04_05,lr09,2009,thin_burn,5,5,thin_burn,lake roosevelt,evans,4,5,thin_burn,1,1,0,04year05,4,78,0,0,0,
lr09_2014_04_10,lr09,2014,thin_burn,10,10,thin_burn,lake roosevelt,evans,4,10,thin_burn,1,1,0,04year10,4,79,0,0,0,
lr09_2019_05_00,lr09,2019,thin_burn_burn,0,0,thin_burn_burn,lake roosevelt,evans,5,0,thin_burn_burn,2,1,0,05post00,5,80,0,0,0,
lr10_2006_-1_-1,lr10,2006,pretreatment_current,-1,-1,pretreatment_current,lake roosevelt,ricky point,-1,-1,pretreatment_current,0,0,0,-1pre-1,-1,81,0,0,0,
lr10_2007_02_01,lr10,2007,thin,1,1,thin,lake roosevelt,ricky point,2,1,thin,0,1,0,02year01,2,82,0,0,0,
lr10_2018_04_00,lr10,2018,thin_burn,0,0,thin_burn,lake roosevelt,ricky point,4,0,thin_burn,1,1,0,04post00,4,83,0,0,0,
lr10_2020_04_02,lr10,2020,thin_burn,2,2,thin_burn,lake roosevelt,ricky point,4,2,thin_burn,1,1,0,04year02,4,84,0,0,0,
lr11_2006_-1_-1,lr11,2006,pretreatment_current,-1,-1,pretreatment_current,lake roosevelt,ricky point,-1,-1,pretreatment_current,0,0,0,-1pre-1,-1,85,0,0,0,
lr11_2007_02_01,lr11,2007,thin,1,1,thin,lake roosevelt,ricky point,2,1,thin,0,1,0,02year01,2,86,0,0,0,
lr11_2018_04_00,lr11,2018,thin_burn,0,0,thin_burn,lake roosevelt,ricky point,4,0,thin_burn,1,1,0,04post00,4,87,0,0,0,
lr11_2020_04_02,lr11,2020,thin_burn,2,2,thin_burn,lake roosevelt,ricky point,4,2,thin_burn,1,1,0,04year02,4,88,0,0,0,
lr12_2006_-1_-1,lr12,2006,pretreatment_current,-1,-1,pretreatment_current,lake roosevelt,ricky point,-1,-1,pretreatment_current,0,0,0,-1pre-1,-1,89,0,0,0,
lr12_2007_02_01,lr12,2007,thin,1,1,thin,lake roosevelt,ricky point,2,1,thin,0,1,0,02year01,2,90,0,0,0,
lr12_2018_04_00,lr12,2018,thin_burn,0,0,thin_burn,lake roosevelt,ricky point,4,0,thin_burn,1,1,0,04post00,4,91,0,0,0,
lr12_2020_04_02,lr12,2020,thin_burn,2,2,thin_burn,lake roosevelt,ricky point,4,2,thin_burn,1,1,0,04year02,4,92,0,0,0,
lr13_2006_-1_-1,lr13,2006,pretreatment_current,0,-1,pretreatment_current,lake roosevelt,ricky point,-1,-1,pretreatment_current,0,0,0,-1pre-1,-1,93,0,0,0,
lr13_2007_02_01,lr13,2007,thin,1,1,thin,lake roosevelt,ricky point,2,1,thin,0,1,0,02year01,2,94,0,0,0,
lr13_2012_14_00,lr13,2012,thin_pileburn,0,0,thin_pileburn,lake roosevelt,ricky point,14,0,thin_pileburn,0,1,1,14post00,14,95,0,0,1,zero and one sampled the same year
lr13_2012_14_01,lr13,2012,thin_pileburn,1,1,thin_pileburn,lake roosevelt,ricky point,14,1,thin_pileburn,0,1,1,14year01,14,96,0,0,0,
lr13_2013_14_02,lr13,2013,thin_pileburn,2,2,thin_pileburn,lake roosevelt,ricky point,14,2,thin_pileburn,0,1,1,14year02,14,97,0,0,0,
lr13_2016_14_05,lr13,2016,thin_pileburn,5,5,thin_pileburn,lake roosevelt,ricky point,14,5,thin_pileburn,0,1,1,14year05,14,98,0,0,0,
lr14_2006_-1_-1,lr14,2006,pretreatment_current,-1,-1,pretreatment_current,lake roosevelt,north gorge,-1,-1,pretreatment_current,0,0,0,-1pre-1,-1,99,0,0,0,
lr14_2007_02_01,lr14,2007,thin,1,1,thin,lake roosevelt,north gorge,2,1,thin,0,1,0,02year01,2,100,0,0,0,
lr14_2013_04_00,lr14,2013,thin_burn,0,0,thin_burn,lake roosevelt,north gorge,4,0,thin_burn,1,1,0,04post00,4,101,0,0,0,
lr14_2016_04_03,lr14,2016,thin_burn,3,3,thin_burn,lake roosevelt,north gorge,4,3,thin_burn,1,1,0,04year03,4,102,0,0,0,
lr14_2018_04_05,lr14,2018,thin_burn,5,5,thin_burn,lake roosevelt,north gorge,4,5,thin_burn,1,1,0,04year05,4,103,0,0,0,
lr15_2006_-1_-1,lr15,2006,pretreatment_current,-1,-1,pretreatment_current,lake roosevelt,north gorge,-1,-1,pretreatment_current,0,0,0,-1pre-1,-1,104,0,0,0,
lr15_2007_02_01,lr15,2007,thin,1,1,thin,lake roosevelt,north gorge,2,1,thin,0,1,0,02year01,2,105,0,0,0,
lr15_2013_04_00,lr15,2013,thin_burn,0,0,thin_burn,lake roosevelt,north gorge,4,0,thin_burn,1,1,0,04post00,4,106,0,0,0,
lr15_2016_04_03,lr15,2016,thin_burn,3,3,thin_burn,lake roosevelt,north gorge,4,3,thin_burn,1,1,0,04year03,4,107,0,0,0,
lr15_2018_04_05,lr15,2018,thin_burn,5,5,thin_burn,lake roosevelt,north gorge,4,5,thin_burn,1,1,0,04year05,4,108,0,0,0,
lr16_2006_-1_-1,lr16,2006,pretreatment_current,-1,-1,pretreatment_current,lake roosevelt,north gorge,-1,-1,pretreatment_current,0,0,0,-1pre-1,-1,109,0,0,0,
lr16_2007_02_01,lr16,2007,thin,1,1,thin,lake roosevelt,north gorge,2,1,thin,0,1,0,02year01,2,110,0,0,0,
lr16_2013_04_00,lr16,2013,thin_burn,0,0,thin_burn,lake roosevelt,north gorge,4,0,thin_burn,1,1,0,04post00,4,111,0,0,0,
lr16_2016_04_03,lr16,2016,thin_burn,3,3,thin_burn,lake roosevelt,north gorge,4,3,thin_burn,1,1,0,04year03,4,112,0,0,0,
lr16_2018_04_05,lr16,2018,thin_burn,5,5,thin_burn,lake roosevelt,north gorge,4,5,thin_burn,1,1,0,04year05,4,113,0,0,0,
lr17_2008_-1_-1,lr17,2008,pretreatment_current,-1,-1,pretreatment_current,lake roosevelt,enterprise,-1,-1,pretreatment_current,0,0,0,-1pre-1,-1,114,0,0,0,
lr17_2015_03_00,lr17,2015,pileburn,0,0,pileburn,lake roosevelt,enterprise,3,0,pileburn,0,0,1,03post00,3,115,1,0,1,zero and one sampled the same year
lr17_2015_03_01,lr17,2015,pileburn,1,1,pileburn,lake roosevelt,enterprise,3,1,pileburn,0,0,1,03year01,3,116,0,0,0,
lr17_2016_03_02,lr17,2016,pileburn,2,2,pileburn,lake roosevelt,enterprise,3,2,pileburn,0,0,1,03year02,3,117,0,0,0,
lr17_2019_03_05,lr17,2019,pileburn,5,5,pileburn,lake roosevelt,enterprise,3,5,pileburn,0,0,1,03year05,3,118,0,0,0,
lr18_2008_-1_-1,lr18,2008,pretreatment_current,-1,-1,pretreatment_current,lake roosevelt,enterprise,-1,-1,pretreatment_current,0,0,0,-1pre-1,-1,119,0,0,0,
lr18_2015_03_00,lr18,2015,pileburn,0,0,pileburn,lake roosevelt,enterprise,3,0,pileburn,0,0,1,03post00,3,120,1,0,1,zero and one sampled the same year
lr18_2015_03_01,lr18,2015,pileburn,1,1,pileburn,lake roosevelt,enterprise,3,1,pileburn,0,0,1,03year01,3,121,0,0,0,
lr18_2016_03_02,lr18,2016,pileburn,2,2,pileburn,lake roosevelt,enterprise,3,2,pileburn,0,0,1,03year02,3,122,0,0,0,
lr18_2019_03_05,lr18,2019,pileburn,5,5,pileburn,lake roosevelt,enterprise,3,5,pileburn,0,0,1,03year05,3,123,0,0,0,
lr19_2008_-1_-1,lr19,2008,pretreatment_current,-1,-1,pretreatment_current,lake roosevelt,enterprise,-1,-1,pretreatment_current,0,0,0,-1pre-1,-1,124,0,0,0,
lr19_2015_03_00,lr19,2015,pileburn,0,0,pileburn,lake roosevelt,enterprise,3,0,pileburn,0,0,1,03post00,3,125,1,0,1,zero and one sampled the same year
lr19_2015_03_01,lr19,2015,pileburn,1,1,pileburn,lake roosevelt,enterprise,3,1,pileburn,0,0,1,03year01,3,126,0,0,0,
lr19_2016_03_02,lr19,2016,pileburn,2,2,pileburn,lake roosevelt,enterprise,3,2,pileburn,0,0,1,03year02,3,127,0,0,0,
lr19_2019_03_05,lr19,2019,pileburn,5,5,pileburn,lake roosevelt,enterprise,3,5,pileburn,0,0,1,03year05,3,128,0,0,0,
lr20_2007_-1_-1,lr20,2007,pretreatment_current,-1,-1,pretreatment_current,lake roosevelt,ft. spokane,-1,-1,pretreatment_current,0,0,0,-1pre-1,-1,129,0,0,0,
lr20_2010_02_01,lr20,2010,thin,1,1,thin,lake roosevelt,ft. spokane,2,1,thin,0,1,0,02year01,2,130,0,0,0,
lr20_2012_10_00,lr20,2012,pileburn,0,0,pileburn,lake roosevelt,ft. spokane,10,0,pileburn,0,0,1,10post00,10,131,1,0,1,zero and one sampled the same year
lr20_2012_10_01,lr20,2012,pileburn,1,1,pileburn,lake roosevelt,ft. spokane,10,1,pileburn,0,0,1,10year01,10,132,0,0,0,
lr20_2013_10_02,lr20,2013,pileburn,2,2,pileburn,lake roosevelt,ft. spokane,10,2,pileburn,0,0,1,10year02,10,133,0,0,0,
lr20_2016_10_05,lr20,2016,pileburn,5,5,pileburn,lake roosevelt,ft. spokane,10,5,pileburn,0,0,1,10year05,10,134,0,0,0,
lr20_2016_13_00,lr20,2016,thin_pileburn_burn,0,0,thin_burn_burn,lake roosevelt,ft. spokane,13,0,thin_burn_burn,2,1,0,13post00,13,135,0,1,0,changed treatment order
lr20_2018_13_02,lr20,2018,thin_pileburn_burn,2,2,thin_burn_burn,lake roosevelt,ft. spokane,13,2,thin_burn_burn,2,1,0,13year02,13,136,0,0,0,changed treatment order 
lr21_2007_-1_-1,lr21,2007,pretreatment_current,-1,-1,pretreatment_current,lake roosevelt,ft. spokane,-1,-1,pretreatment_current,0,0,0,-1pre-1,-1,137,0,0,0,
lr21_2010_02_01,lr21,2010,thin,1,1,thin,lake roosevelt,ft. spokane,2,1,thin,0,1,0,02year01,2,138,0,0,0,
lr21_2012_10_00,lr21,2012,pileburn,0,0,pileburn,lake roosevelt,ft. spokane,10,0,pileburn,0,0,1,10post00,10,139,1,0,1,zero and one sampled the same year
lr21_2012_10_01,lr21,2012,pileburn,1,1,pileburn,lake roosevelt,ft. spokane,10,1,pileburn,0,0,1,10year01,10,140,0,0,0,
lr21_2013_10_02,lr21,2013,pileburn,2,2,pileburn,lake roosevelt,ft. spokane,10,2,pileburn,0,0,1,10year02,10,141,0,0,0,
lr21_2016_10_05,lr21,2016,pileburn,5,5,pileburn,lake roosevelt,ft. spokane,10,5,pileburn,0,0,1,10year05,10,142,0,0,0,
lr21_2016_13_00,lr21,2016,thin_burn_burn,0,0,thin_burn_burn,lake roosevelt,ft. spokane,13,0,thin_burn_burn,2,1,0,13post00,13,143,0,0,0,
lr21_2018_13_02,lr21,2018,thin_burn_burn,2,2,thin_burn_burn,lake roosevelt,ft. spokane,13,2,thin_burn_burn,2,1,0,13year02,13,144,0,0,0,
lr22_2007_-1_-1,lr22,2007,pretreatment_current,-1,-1,pretreatment_current,lake roosevelt,ft. spokane,-1,-1,pretreatment_current,0,0,0,-1pre-1,-1,145,0,0,0,
lr22_2010_02_01,lr22,2010,thin,1,1,thin,lake roosevelt,ft. spokane,2,1,thin,0,1,0,02year01,2,146,0,0,0,
lr22_2012_10_00,lr22,2012,thin_pileburn,0,0,pileburn,lake roosevelt,ft. spokane,10,0,pileburn,0,0,1,10post00,10,147,1,1,1,zero and one sampled the same year
lr22_2012_10_01,lr22,2012,thin_pileburn,1,1,pileburn,lake roosevelt,ft. spokane,10,1,pileburn,0,0,1,10year01,10,148,0,1,0,
lr22_2013_10_02,lr22,2013,thin_pileburn,2,2,pileburn,lake roosevelt,ft. spokane,10,2,pileburn,0,0,1,10year02,10,149,0,1,0,
lr22_2016_10_05,lr22,2016,thin_pileburn,5,5,pileburn,lake roosevelt,ft. spokane,10,5,pileburn,0,0,1,10year05,10,150,0,1,0,
lr22_2016_13_00,lr22,2016,thin_pileburn_burn,0,0,thin_burn_burn,lake roosevelt,ft. spokane,13,0,thin_burn_burn,2,1,0,13post00,13,151,0,1,0,
lr22_2018_13_02,lr22,2018,thin_pileburn_burn,2,2,thin_burn_burn,lake roosevelt,ft. spokane,13,2,thin_burn_burn,2,1,0,13year02,13,152,0,1,0,
lr23_2010_-1_-1,lr23,2010,pretreatment_current,0,-1,pretreatment_current,lake roosevelt,clark,-1,-1,pretreatment_current,0,0,0,-1pre-1,-1,153,0,0,0,
lr23_2013_03_00,lr23,2013,pileburn,0,0,pileburn,lake roosevelt,clark,3,0,pileburn,0,0,1,03post00,3,154,1,0,1,zero and one sampled the same year
lr23_2013_03_01,lr23,2013,pileburn,1,1,pileburn,lake roosevelt,clark,3,1,pileburn,0,0,1,03year01,3,155,0,0,0,
lr23_2014_03_02,lr23,2014,pileburn,2,2,pileburn,lake roosevelt,clark,3,2,pileburn,0,0,1,03year02,3,156,0,0,0,
lr24_2010_-1_-1,lr24,2010,pretreatment_current,-1,-1,pretreatment_current,lake roosevelt,clark,-1,-1,pretreatment_current,0,0,0,-1pre-1,-1,157,0,0,0,
lr24_2013_03_00,lr24,2013,pileburn,0,0,pileburn,lake roosevelt,clark,3,0,pileburn,0,0,1,03post00,3,158,1,0,1,zero and one sampled the same year
lr24_2013_03_01,lr24,2013,pileburn,1,1,pileburn,lake roosevelt,clark,3,1,pileburn,0,0,1,03year01,3,159,0,0,0,
lr24_2014_03_02,lr24,2014,pileburn,2,2,pileburn,lake roosevelt,clark,3,2,pileburn,0,0,1,03year02,3,160,0,0,0,
lr24_2017_03_05,lr24,2017,pileburn,5,5,pileburn,lake roosevelt,clark,3,5,pileburn,0,0,1,03year05,3,161,0,0,0,
lr25_2010_-1_-1,lr25,2010,pretreatment_current,-1,-1,pretreatment_current,lake roosevelt,clark,-1,-1,pretreatment_current,0,0,0,-1pre-1,-1,162,0,0,0,
lr25_2013_03_00,lr25,2013,pileburn,0,0,pileburn,lake roosevelt,clark,3,0,pileburn,0,0,1,03post00,3,163,1,0,1,zero and one sampled the same year
lr25_2013_03_01,lr25,2013,pileburn,1,1,pileburn,lake roosevelt,clark,3,1,pileburn,0,0,1,03year01,3,164,0,0,0,
lr25_2014_03_02,lr25,2014,pileburn,2,2,pileburn,lake roosevelt,clark,3,2,pileburn,0,0,1,03year02,3,165,0,0,0,
lr25_2017_03_05,lr25,2017,pileburn,5,5,pileburn,lake roosevelt,clark,3,5,pileburn,0,0,1,03year05,3,166,0,0,0,
lr26_2010_-1_-1,lr26,2010,pretreatment_current,-1,-1,pretreatment_current,lake roosevelt,clark,-1,-1,pretreatment_current,0,0,0,-1pre-1,-1,167,0,0,0,
lr26_2013_03_00,lr26,2013,pileburn,0,0,pileburn,lake roosevelt,clark,3,0,pileburn,0,0,1,03post00,3,168,1,0,1,zero and one sampled the same year
lr26_2013_03_01,lr26,2013,pileburn,1,1,pileburn,lake roosevelt,clark,3,1,pileburn,0,0,1,03year01,3,169,0,0,0,
lr26_2014_03_02,lr26,2014,pileburn,2,2,pileburn,lake roosevelt,clark,3,2,pileburn,0,0,1,03year02,3,170,0,0,0,
lr26_2015_15_00,lr26,2015,pileburn_pileburn,0,0,pileburn_pileburn,lake roosevelt,clark,15,0,pileburn_pileburn,0,0,2,15post00,15,171,1,0,1,zero and one sampled the same year
lr26_2015_15_01,lr26,2015,pileburn_pileburn,1,1,pileburn_pileburn,lake roosevelt,clark,15,1,pileburn_pileburn,0,0,2,15year01,15,172,0,0,0,
lr26_2019_15_05,lr26,2019,pileburn_pileburn,5,5,pileburn_pileburn,lake roosevelt,clark,15,5,pileburn_pileburn,0,0,2,15year05,15,173,0,0,0,
lr27_2010_-1_-1,lr27,2010,pretreatment_current,-1,-1,pretreatment_current,lake roosevelt,clark,-1,-1,pretreatment_current,0,0,0,-1pre-1,-1,174,0,0,0,
lr27_2013_03_00,lr27,2013,pileburn,0,0,pileburn,lake roosevelt,clark,3,0,pileburn,0,0,1,03post00,3,175,1,0,1,zero and one sampled the same year
lr27_2013_03_01,lr27,2013,pileburn,1,1,pileburn,lake roosevelt,clark,3,1,pileburn,0,0,1,03year01,3,176,0,0,0,
lr27_2014_03_02,lr27,2014,pileburn,2,2,pileburn,lake roosevelt,clark,3,2,pileburn,0,0,1,03year02,3,177,0,0,0,
lr27_2015_15_00,lr27,2015,pileburn_pileburn,0,0,pileburn_pileburn,lake roosevelt,clark,15,0,pileburn_pileburn,0,0,2,15post00,15,178,1,0,1,zero and one sampled the same year
lr27_2015_15_01,lr27,2015,pileburn_pileburn,1,1,pileburn_pileburn,lake roosevelt,clark,15,1,pileburn_pileburn,0,0,2,15year01,15,179,0,0,0,
lr27_2019_15_05,lr27,2019,pileburn_pileburn,5,5,pileburn_pileburn,lake roosevelt,clark,15,5,pileburn_pileburn,0,0,2,15year05,15,180,0,0,0,
lr28_2010_-1_-1,lr28,2010,pretreatment_current,-1,-1,pretreatment_current,lake roosevelt,clark,-1,-1,pretreatment_current,0,0,0,-1pre-1,-1,181,0,0,0,
lr28_2013_03_00,lr28,2013,pileburn,0,0,pileburn,lake roosevelt,clark,3,0,pileburn,0,0,1,03post00,3,182,1,0,1,zero and one sampled the same year
lr28_2013_03_01,lr28,2013,pileburn,1,1,pileburn,lake roosevelt,clark,3,1,pileburn,0,0,1,03year01,3,183,0,0,0,
lr28_2014_03_02,lr28,2014,pileburn,2,2,pileburn,lake roosevelt,clark,3,2,pileburn,0,0,1,03year02,3,184,0,0,0,
lr28_2017_03_05,lr28,2017,pileburn,5,5,pileburn,lake roosevelt,clark,3,5,pileburn,0,0,1,03year05,3,185,0,0,0,
lr29_2010_-1_-1,lr29,2010,pretreatment_current,-1,-1,pretreatment_current,lake roosevelt,bradbury beach,-1,-1,pretreatment_current,0,0,0,-1pre-1,-1,186,0,0,0,
lr29_2013_03_00,lr29,2013,pileburn,0,0,pileburn,lake roosevelt,bradbury beach,3,0,pileburn,0,0,1,03post00,3,187,1,0,1,zero and one sampled the same year
lr29_2013_03_01,lr29,2013,pileburn,1,1,pileburn,lake roosevelt,bradbury beach,3,1,pileburn,0,0,1,03year01,3,188,0,0,0,
lr29_2014_03_02,lr29,2014,pileburn,2,2,pileburn,lake roosevelt,bradbury beach,3,2,pileburn,0,0,1,03year02,3,189,0,0,0,
lr29_2017_15_00,lr29,2017,pileburn_pileburn,0,0,pileburn_pileburn,lake roosevelt,bradbury beach,15,0,pileburn_pileburn,0,0,2,15post00,15,190,1,0,1,zero and two sampled the same year
lr29_2017_15_02,lr29,2017,pileburn_pileburn,2,2,pileburn_pileburn,lake roosevelt,bradbury beach,15,2,pileburn_pileburn,0,0,2,15year02,15,191,0,0,0,
lr29_2020_15_05,lr29,2020,pileburn_pileburn,5,5,pileburn_pileburn,lake roosevelt,bradbury beach,15,5,pileburn_pileburn,0,0,2,15year05,15,192,0,0,0,
lr30_2010_-1_-1,lr30,2010,pretreatment_current,-1,-1,pretreatment_current,lake roosevelt,bradbury beach,-1,-1,pretreatment_current,0,0,0,-1pre-1,-1,193,0,0,0,
lr30_2013_03_00,lr30,2013,pileburn,0,0,pileburn,lake roosevelt,bradbury beach,3,0,pileburn,0,0,1,03post00,3,194,1,0,1,zero and one sampled the same year
lr30_2013_03_01,lr30,2013,pileburn,1,1,pileburn,lake roosevelt,bradbury beach,3,1,pileburn,0,0,1,03year01,3,195,0,0,0,
lr30_2014_03_02,lr30,2014,pileburn,2,2,pileburn,lake roosevelt,bradbury beach,3,2,pileburn,0,0,1,03year02,3,196,0,0,0,
lr30_2017_15_00,lr30,2017,pileburn_pileburn,0,0,pileburn_pileburn,lake roosevelt,bradbury beach,15,0,pileburn_pileburn,0,0,2,15post00,15,197,1,0,1,zero and two sampled the same year
lr30_2017_15_02,lr30,2017,pileburn_pileburn,2,2,pileburn_pileburn,lake roosevelt,bradbury beach,15,2,pileburn_pileburn,0,0,2,15year02,15,198,0,0,0,
lr30_2020_15_05,lr30,2020,pileburn_pileburn,5,5,pileburn_pileburn,lake roosevelt,bradbury beach,15,5,pileburn_pileburn,0,0,2,15year05,15,199,0,0,0,
lr31_2010_-1_-1,lr31,2010,pretreatment_current,-1,-1,pretreatment_current,lake roosevelt,bradbury beach,-1,-1,pretreatment_current,0,0,0,-1pre-1,-1,200,0,0,0,
lr31_2013_03_00,lr31,2013,pileburn,0,0,pileburn,lake roosevelt,bradbury beach,3,0,pileburn,0,0,1,03post00,3,201,0,0,0,zero and one sampled the same year
lr31_2013_03_01,lr31,2013,pileburn,1,1,pileburn,lake roosevelt,bradbury beach,3,1,pileburn,0,0,1,03year01,3,202,0,0,0,
lr31_2014_03_02,lr31,2014,pileburn,2,2,pileburn,lake roosevelt,bradbury beach,3,2,pileburn,0,0,1,03year02,3,203,0,0,0,
lr31_2017_15_00,lr31,2017,pileburn_pileburn,0,0,pileburn_pileburn,lake roosevelt,bradbury beach,15,0,pileburn_pileburn,0,0,2,15post00,15,204,0,0,0,zero and two sampled the same year
lr31_2017_15_02,lr31,2017,pileburn_pileburn,2,2,pileburn_pileburn,lake roosevelt,bradbury beach,15,2,pileburn_pileburn,0,0,2,15year02,15,205,0,0,0,
lr31_2020_15_05,lr31,2020,pileburn_pileburn,5,5,pileburn_pileburn,lake roosevelt,bradbury beach,15,5,pileburn_pileburn,0,0,2,15year05,15,206,0,0,0,
lr32_2010_-1_-1,lr32,2010,pretreatment_current,-1,-1,pretreatment_current,lake roosevelt,bradbury beach,-1,-1,pretreatment_current,0,0,0,-1pre-1,-1,207,0,0,0,
lr32_2012_10_00,lr32,2012,pileburn,0,0,pileburn,lake roosevelt,bradbury beach,10,0,pileburn,0,0,1,10post00,10,208,0,0,0,
lr32_2012_10_01,lr32,2012,pileburn,1,1,pileburn,lake roosevelt,bradbury beach,10,1,pileburn,0,0,1,10year01,10,209,0,0,0,
lr32_2013_10_02,lr32,2013,pileburn,2,2,pileburn,lake roosevelt,bradbury beach,10,2,pileburn,0,0,1,10year02,10,210,0,0,0,
lr32_2017_19_00,lr32,2017,pileburn_pileburn,0,0,pileburn_pileburn,lake roosevelt,bradbury beach,19,0,pileburn_pileburn,0,0,2,19post00,19,211,1,0,1,zero and two sampled the same year
lr32_2017_19_02,lr32,2017,pileburn_pileburn,2,2,pileburn_pileburn,lake roosevelt,bradbury beach,19,2,pileburn_pileburn,0,0,2,19year02,19,212,0,0,0,
lr32_2020_19_05,lr32,2020,pileburn_pileburn,5,5,pileburn_pileburn,lake roosevelt,bradbury beach,19,5,pileburn_pileburn,0,0,2,19year05,19,213,0,0,0,
lr33_2010_-1_-1,lr33,2010,pretreatment_current,-1,-1,pretreatment_current,lake roosevelt,bradbury beach,-1,-1,pretreatment_current,0,0,0,-1pre-1,-1,214,0,0,0,
lr33_2013_03_00,lr33,2013,pileburn,0,0,pileburn,lake roosevelt,bradbury beach,3,0,pileburn,0,0,1,03post00,3,215,0,0,0,
lr33_2013_03_01,lr33,2013,pileburn,1,1,pileburn,lake roosevelt,bradbury beach,3,1,pileburn,0,0,1,03year01,3,216,0,0,0,
lr33_2014_03_02,lr33,2014,pileburn,2,2,pileburn,lake roosevelt,bradbury beach,3,2,pileburn,0,0,1,03year02,3,217,0,0,0,
lr33_2017_15_00,lr33,2017,pileburn_pileburn,0,0,pileburn_pileburn,lake roosevelt,bradbury beach,15,0,pileburn_pileburn,0,0,2,15post00,15,218,1,0,1,zero and two sampled the same year
lr33_2017_15_02,lr33,2017,pileburn_pileburn,2,2,pileburn_pileburn,lake roosevelt,bradbury beach,15,2,pileburn_pileburn,0,0,2,15year02,15,219,0,0,0,
lr33_2020_15_05,lr33,2020,pileburn_pileburn,5,5,pileburn_pileburn,lake roosevelt,bradbury beach,15,5,pileburn_pileburn,0,0,2,15year05,15,220,0,0,0,
lr34_2010_-1_-1,lr34,2010,pretreatment_current,-1,-1,pretreatment_current,lake roosevelt,bradbury beach,-1,-1,pretreatment_current,0,0,0,-1pre-1,-1,221,0,0,0,
lr34_2012_10_00,lr34,2012,pileburn,0,0,pileburn,lake roosevelt,bradbury beach,10,0,pileburn,0,0,1,10post00,10,222,1,0,1,zero and one sampled the same year
lr34_2012_10_01,lr34,2012,pileburn,1,1,pileburn,lake roosevelt,bradbury beach,10,1,pileburn,0,0,1,10year01,10,223,0,0,0,
lr34_2013_10_02,lr34,2013,pileburn,2,2,pileburn,lake roosevelt,bradbury beach,10,2,pileburn,0,0,1,10year02,10,224,0,0,0,
lr34_2017_19_00,lr34,2017,pileburn_pileburn,0,0,pileburn_pileburn,lake roosevelt,bradbury beach,19,0,pileburn_pileburn,0,0,2,19post00,19,225,1,0,1,zero and two sampled the same year
lr34_2017_19_02,lr34,2017,pileburn_pileburn,2,2,pileburn_pileburn,lake roosevelt,bradbury beach,19,2,pileburn_pileburn,0,0,2,19year02,19,226,0,0,0,
lr34_2020_19_05,lr34,2020,pileburn_pileburn,5,5,pileburn_pileburn,lake roosevelt,bradbury beach,19,5,pileburn_pileburn,0,0,2,19year05,19,227,0,0,0,
lr35_2011_-1_-1,lr35,2011,pretreatment_current,-1,-1,pretreatment_current,lake roosevelt,clark,-1,-1,pretreatment_current,0,0,0,-1pre-1,-1,228,0,0,0,
lr35_2015_03_00,lr35,2015,pileburn,0,0,pileburn,lake roosevelt,clark,3,0,pileburn,0,0,1,03post00,3,229,1,0,1,zero and one sampled the same year
lr35_2015_03_01,lr35,2015,pileburn,1,1,pileburn,lake roosevelt,clark,3,1,pileburn,0,0,1,03year01,3,230,0,0,0,
lr35_2019_03_05,lr35,2019,pileburn,5,5,pileburn,lake roosevelt,clark,3,5,pileburn,0,0,1,03year05,3,231,0,0,0,
lr36_2011_-1_-1,lr36,2011,pretreatment_current,-1,-1,pretreatment_current,lake roosevelt,clark,-1,-1,pretreatment_current,0,0,0,-1pre-1,-1,232,0,0,0,
lr36_2015_03_00,lr36,2015,pileburn,0,0,pileburn,lake roosevelt,clark,3,0,pileburn,0,0,1,03post00,3,233,1,0,1,zero and one sampled the same year
lr36_2015_03_01,lr36,2015,pileburn,1,1,pileburn,lake roosevelt,clark,3,1,pileburn,0,0,1,03year01,3,234,0,0,0,
lr36_2019_03_05,lr36,2019,pileburn,5,5,pileburn,lake roosevelt,clark,3,5,pileburn,0,0,1,03year05,3,235,0,0,0,
lr37_2011_-1_-1,lr37,2011,pretreatment_current,-1,-1,pretreatment_current,lake roosevelt,clark,-1,-1,pretreatment_current,0,0,0,-1pre-1,-1,236,0,0,0,
lr37_2015_03_00,lr37,2015,pileburn,0,0,pileburn,lake roosevelt,clark,3,0,pileburn,0,0,1,03post00,3,237,1,0,1,zero and one sampled the same year
lr37_2015_03_01,lr37,2015,pileburn,1,1,pileburn,lake roosevelt,clark,3,1,pileburn,0,0,1,03year01,3,238,0,0,0,
lr37_2019_03_05,lr37,2019,pileburn,5,5,pileburn,lake roosevelt,clark,3,5,pileburn,0,0,1,03year05,3,239,0,0,0,
lr38_2012_-1_-1,lr38,2012,pretreatment_current,-1,-1,pretreatment_current,lake roosevelt,gifford ferry,-1,-1,pretreatment_current,0,0,0,-1pre-1,-1,240,0,0,0,
lr38_2013_03_00,lr38,2013,pileburn,0,0,pileburn,lake roosevelt,gifford ferry,3,0,pileburn,0,0,1,03post00,3,241,1,0,1,zero and one sampled the same year
lr38_2013_03_01,lr38,2013,pileburn,1,1,pileburn,lake roosevelt,gifford ferry,3,1,pileburn,0,0,1,03year01,3,242,0,0,0,
lr38_2014_03_02,lr38,2014,pileburn,2,2,pileburn,lake roosevelt,gifford ferry,3,2,pileburn,0,0,1,03year02,3,243,0,0,0,
lr39_2012_-1_-1,lr39,2012,pretreatment_current,-1,-1,pretreatment_current,lake roosevelt,gifford ferry,-1,-1,pretreatment_current,0,0,0,-1pre-1,-1,244,0,0,0,
lr39_2013_03_00,lr39,2013,pileburn,0,0,pileburn,lake roosevelt,gifford ferry,3,0,pileburn,0,0,1,03post00,3,245,1,0,1,zero and one sampled the same year
lr39_2013_03_01,lr39,2013,pileburn,1,1,pileburn,lake roosevelt,gifford ferry,3,1,pileburn,0,0,1,03year01,3,246,0,0,0,
lr39_2015_03_03,lr39,2015,pileburn,3,3,pileburn,lake roosevelt,gifford ferry,3,3,pileburn,0,0,1,03year03,3,247,0,0,0,
lr40_2012_-1_-1,lr40,2012,pretreatment_current,-1,-1,pretreatment_current,lake roosevelt,gifford ferry,-1,-1,pretreatment_current,0,0,0,-1pre-1,-1,248,0,0,0,
lr40_2013_03_00,lr40,2013,pileburn,0,0,pileburn,lake roosevelt,gifford ferry,3,0,pileburn,0,0,1,03post00,3,249,1,0,1,zero and one sampled the same year
lr40_2013_03_01,lr40,2013,pileburn,1,1,pileburn,lake roosevelt,gifford ferry,3,1,pileburn,0,0,1,03year01,3,250,0,0,0,
lr40_2015_03_03,lr40,2015,pileburn,3,3,pileburn,lake roosevelt,gifford ferry,3,3,pileburn,0,0,1,03year03,3,251,0,0,0,
lr41_2014_-1_-1,lr41,2014,pretreatment_current,-1,-1,pretreatment_current,lake roosevelt,kettle falls,-1,-1,pretreatment_current,0,0,0,-1pre-1,-1,252,0,0,0,
lr41_2017_03_02,lr41,2017,pileburn,2,2,pileburn,lake roosevelt,kettle falls,3,2,pileburn,0,0,1,03year02,3,253,0,0,0,
lr41_2020_03_05,lr41,2020,pileburn,5,5,pileburn,lake roosevelt,kettle falls,3,5,pileburn,0,0,1,03year05,3,254,0,0,0,
lr42_2014_-1_-1,lr42,2014,pretreatment_current,-1,-1,pretreatment_current,lake roosevelt,kettle falls,-1,-1,pretreatment_current,0,0,0,-1pre-1,-1,255,0,0,0,
lr42_2017_03_02,lr42,2017,pileburn,2,2,pileburn,lake roosevelt,kettle falls,3,2,pileburn,0,0,1,03year02,3,256,0,0,0,
lr42_2020_03_05,lr42,2020,pileburn,5,5,pileburn,lake roosevelt,kettle falls,3,5,pileburn,0,0,1,03year05,3,257,0,0,0,
lr43_2014_-1_-1,lr43,2014,pretreatment_current,-1,-1,pretreatment_current,lake roosevelt,kettle falls,-1,-1,pretreatment_current,0,0,0,-1pre-1,-1,258,0,0,0,
lr43_2017_03_02,lr43,2017,pileburn,2,2,pileburn,lake roosevelt,kettle falls,3,2,pileburn,0,0,1,03year02,3,259,0,0,0,
lr43_2020_03_05,lr43,2020,pileburn,5,5,pileburn,lake roosevelt,kettle falls,3,5,pileburn,0,0,1,03year05,3,260,0,0,0,
lr44_2014_-1_-1,lr44,2014,pretreatment_current,-1,-1,pretreatment_current,lake roosevelt,kettle falls,-1,-1,pretreatment_current,0,0,0,-1pre-1,-1,261,0,0,0,
lr44_2017_03_02,lr44,2017,pileburn,2,2,pileburn,lake roosevelt,kettle falls,3,2,pileburn,0,0,1,03year02,3,262,0,0,0,
lr44_2020_03_05,lr44,2020,pileburn,5,5,pileburn,lake roosevelt,kettle falls,3,5,pileburn,0,0,1,03year05,3,263,0,0,0,
lr45_2014_-1_-1,lr45,2014,pretreatment_current,-1,-1,pretreatment_current,lake roosevelt,kettle falls,-1,-1,pretreatment_current,0,0,0,-1pre-1,-1,264,0,0,0,
lr45_2017_03_02,lr45,2017,pileburn,2,2,pileburn,lake roosevelt,kettle falls,3,2,pileburn,0,0,1,03year02,3,265,0,0,0,
lr45_2020_03_05,lr45,2020,pileburn,5,5,pileburn,lake roosevelt,kettle falls,3,5,pileburn,0,0,1,03year05,3,266,0,0,0,
lr46_2014_-1_-1,lr46,2014,pretreatment_current,-1,-1,pretreatment_current,lake roosevelt,kettle falls,-1,-1,pretreatment_current,0,0,0,-1pre-1,-1,267,0,0,0,
lr46_2017_03_02,lr46,2017,pileburn,2,2,pileburn,lake roosevelt,kettle falls,3,2,pileburn,0,0,1,03year02,3,268,0,0,0,
lr46_2020_03_05,lr46,2020,pileburn,5,5,pileburn,lake roosevelt,kettle falls,3,5,pileburn,0,0,1,03year05,3,269,0,0,0,
lr47_2015_-1_-1,lr47,2015,pretreatment_current,-1,-1,pretreatment_current,lake roosevelt,ricky north,-1,-1,pretreatment_current,0,0,0,-1pre-1,-1,270,0,0,0,
lr47_2019_03_00,lr47,2019,pileburn,0,0,pileburn,lake roosevelt,ricky north,3,0,pileburn,0,0,1,03post00,3,271,0,0,0,
lr47_2019_20_02,lr47,2019,thin_pileburn,2,2,thin_pileburn,lake roosevelt,ricky north,20,2,thin_pileburn,0,1,1,20year02,20,272,0,0,0,
lr47_2020_02_01,lr47,2020,thin,1,1,thin,lake roosevelt,ricky north,2,1,thin,0,1,0,02year01,2,273,0,0,0,
lr48_2015_-1_-1,lr48,2015,pretreatment_current,-1,-1,pretreatment_current,lake roosevelt,ricky north,-1,-1,pretreatment_current,0,0,0,-1pre-1,-1,274,1,1,1,somethings weird with the ricky north coding
lr48_2019_03_00,lr48,2019,pileburn,0,0,pileburn,lake roosevelt,ricky north,3,0,pileburn,0,0,1,03post00,3,275,0,0,1,
lr48_2019_03_02,lr48,2019,pileburn,2,2,pileburn,lake roosevelt,ricky north,3,2,pileburn,0,0,1,03year02,3,276,0,0,1,
lr48_2020_02_01,lr48,2020,thin,1,1,thin,lake roosevelt,ricky north,2,1,thin,0,1,0,02year01,2,277,0,0,1,
lr49_2015_-1_-1,lr49,2015,pretreatment_current,-1,-1,pretreatment_current,lake roosevelt,ricky north,-1,-1,pretreatment_current,0,0,0,-1pre-1,-1,278,0,0,1,
lr49_2019_03_00,lr49,2019,pileburn,0,0,pileburn,lake roosevelt,ricky north,3,0,pileburn,0,0,1,03post00,3,279,0,0,1,
lr49_2019_20_02,lr49,2019,thin_pileburn,2,2,thin_pileburn,lake roosevelt,ricky north,20,2,thin_pileburn,0,1,1,20year02,20,280,0,0,1,
lr49_2020_02_01,lr49,2020,thin,1,1,thin,lake roosevelt,ricky north,2,1,thin,0,1,0,02year01,2,281,0,0,1,
lr50_2015_-1_-1,lr50,2015,pretreatment_current,-1,-1,pretreatment_current,lake roosevelt,ponderosa,-1,-1,pretreatment_current,0,0,0,-1pre-1,-1,282,0,0,0,
lr50_2018_03_00,lr50,2018,pileburn,0,0,pileburn,lake roosevelt,ponderosa,3,0,pileburn,0,0,1,03post00,3,283,1,0,1,zero and one sampled the same year
lr50_2018_03_02,lr50,2018,pileburn,2,2,pileburn,lake roosevelt,ponderosa,3,2,pileburn,0,0,1,03year02,3,284,0,0,0,
lr51_2015_-1_-1,lr51,2015,pretreatment_current,-1,-1,pretreatment_current,lake roosevelt,ponderosa,-1,-1,pretreatment_current,0,0,0,-1pre-1,-1,285,0,0,0,
lr51_2018_03_00,lr51,2018,pileburn,0,0,pileburn,lake roosevelt,ponderosa,3,0,pileburn,0,0,1,03post00,3,286,1,0,1,zero and one sampled the same year
lr51_2018_03_02,lr51,2018,pileburn,2,2,pileburn,lake roosevelt,ponderosa,3,2,pileburn,0,0,1,03year02,3,287,0,0,0,
lr52_2015_-1_-1,lr52,2015,pretreatment_current,-1,-1,pretreatment_current,lake roosevelt,ponderosa,-1,-1,pretreatment_current,0,0,0,-1pre-1,-1,288,0,0,0,
lr52_2018_03_00,lr52,2018,pileburn,0,0,pileburn,lake roosevelt,ponderosa,3,0,pileburn,0,0,1,03post00,3,289,1,0,1,zero and one sampled the same year
lr52_2018_03_02,lr52,2018,pileburn,2,2,pileburn,lake roosevelt,ponderosa,3,2,pileburn,0,0,1,03year02,3,290,0,0,0,
lr53_2016_-1_-1,lr53,2016,pretreatment_current,-1,-1,pretreatment_current,lake roosevelt,copa,-1,-1,pretreatment_current,0,0,0,-1pre-1,-1,291,0,0,0,
lr53_2019_03_00,lr53,2019,pileburn,0,0,pileburn,lake roosevelt,copa,3,0,pileburn,0,0,1,03post00,3,292,1,0,1,zero and one sampled the same year
lr53_2019_03_02,lr53,2019,pileburn,2,2,pileburn,lake roosevelt,copa,3,2,pileburn,0,0,1,03year02,3,293,0,0,0,
lr54_2016_-1_-1,lr54,2016,pretreatment_current,-1,-1,pretreatment_current,lake roosevelt,copa,-1,-1,pretreatment_current,0,0,0,-1pre-1,-1,294,0,0,0,
lr54_2019_03_00,lr54,2019,pileburn,0,0,pileburn,lake roosevelt,copa,3,0,pileburn,0,0,1,03post00,3,295,1,0,1,zero and one sampled the same year
lr54_2019_03_02,lr54,2019,pileburn,2,2,pileburn,lake roosevelt,copa,3,2,pileburn,0,0,1,03year02,3,296,0,0,0,
lr55_2016_-1_-1,lr55,2016,pretreatment_current,-1,-1,pretreatment_current,lake roosevelt,log yard c,-1,-1,pretreatment_current,0,0,0,-1pre-1,-1,297,0,0,0,
lr55_2019_03_00,lr55,2019,pileburn,0,0,pileburn,lake roosevelt,log yard c,3,0,pileburn,0,0,1,03post00,3,298,1,0,1,zero and one sampled the same year
lr55_2019_03_02,lr55,2019,pileburn,2,2,pileburn,lake roosevelt,log yard c,3,2,pileburn,0,0,1,03year02,3,299,0,0,0,
lr56_2016_-1_-1,lr56,2016,pretreatment_current,-1,-1,pretreatment_current,lake roosevelt,log yard c,-1,-1,pretreatment_current,0,0,0,-1pre-1,-1,300,0,0,0,
lr56_2019_03_00,lr56,2019,pileburn,0,0,pileburn,lake roosevelt,log yard c,3,0,pileburn,0,0,1,03post00,3,301,1,0,1,zero and one sampled the same year
lr56_2019_03_02,lr56,2019,pileburn,2,2,pileburn,lake roosevelt,log yard c,3,2,pileburn,0,0,1,03year02,3,302,0,0,0,
lr57_2016_-1_-1,lr57,2016,pretreatment_current,-1,-1,pretreatment_current,lake roosevelt,riverway b,-1,-1,pretreatment_current,0,0,0,-1pre-1,-1,303,0,0,0,
lr58_2016_-1_-1,lr58,2016,pretreatment_current,-1,-1,pretreatment_current,lake roosevelt,riverway b,-1,-1,pretreatment_current,0,0,0,-1pre-1,-1,304,0,0,0,
lr59_2016_-1_-1,lr59,2016,pretreatment_current,-1,-1,pretreatment_current,lake roosevelt,riverway b,-1,-1,pretreatment_current,0,0,0,-1pre-1,-1,305,0,0,0,
lr60_2016_-1_-1,lr60,2016,pretreatment_current,-1,-1,pretreatment_current,lake roosevelt,riverway b,-1,-1,pretreatment_current,0,0,0,-1pre-1,-1,306,0,0,0,
nc01_1996_-2_-2,nc01,1996,pretreatment_early,-2,-2,pretreatment_early,north cascades,orchard rainbow,-2,-2,pretreatment_early,0,0,0,-2pre-2,-2,307,0,0,0,
nc01_2000_-1_-1,nc01,2000,pretreatment_current,-1,-1,pretreatment_current,north cascades,orchard rainbow,-1,-1,pretreatment_current,0,0,0,-1pre-1,-1,308,0,0,0,
nc01_2001_02_01,nc01,2001,thin,1,1,thin,north cascades,orchard rainbow,2,1,thin,0,1,0,02year01,2,309,0,0,0,
nc01_2002_04_00,nc01,2002,thin_burn,0,0,thin_burn,north cascades,orchard rainbow,4,0,thin_burn,1,1,0,04post00,4,310,0,0,0,
nc01_2003_04_01,nc01,2003,thin_burn,1,1,thin_burn,north cascades,orchard rainbow,4,1,thin_burn,1,1,0,04year01,4,311,0,0,0,
nc01_2004_04_02,nc01,2004,thin_burn,2,2,thin_burn,north cascades,orchard rainbow,4,2,thin_burn,1,1,0,04year02,4,312,0,0,0,
nc01_2007_04_05,nc01,2007,thin_burn,5,5,thin_burn,north cascades,orchard rainbow,4,5,thin_burn,1,1,0,04year05,4,313,0,0,0,
nc01_2012_04_10,nc01,2012,thin_burn,10,10,thin_burn,north cascades,orchard rainbow,4,10,thin_burn,1,1,0,04year10,4,314,0,0,0,
nc01_2017_04_15,nc01,2017,thin_burn,15,15,thin_burn,north cascades,orchard rainbow,4,15,thin_burn,1,1,0,04year15,4,315,0,0,0,
nc01_2018_05_00,nc01,2018,thin_burn_burn,0,0,thin_burn_burn,north cascades,orchard rainbow,5,0,thin_burn_burn,2,1,0,05post00,5,316,0,0,0,
nc01_2020_05_02,nc01,2020,thin_burn_burn,2,2,thin_burn_burn,north cascades,orchard rainbow,5,2,thin_burn_burn,2,1,0,05year02,5,317,0,0,0,
nc02_1996_-2_-2,nc02,1996,pretreatment_early,-2,-2,pretreatment_early,north cascades,orchard rainbow,-2,-2,pretreatment_early,0,0,0,-2pre-2,-2,318,0,0,0,
nc02_2000_-1_-1,nc02,2000,pretreatment_current,-1,-1,pretreatment_current,north cascades,orchard rainbow,-1,-1,pretreatment_current,0,0,0,-1pre-1,-1,319,0,0,0,
nc02_2001_02_01,nc02,2001,thin,1,1,thin,north cascades,orchard rainbow,2,1,thin,0,1,0,02year01,2,320,0,0,0,
nc02_2002_04_00,nc02,2002,thin_burn,0,0,thin_burn,north cascades,orchard rainbow,4,0,thin_burn,1,1,0,04post00,4,321,0,0,0,
nc02_2003_04_10,nc02,2003,thin_burn,1,10,thin_burn,north cascades,orchard rainbow,4,10,thin_burn,1,1,0,04year10,4,322,0,0,0,
nc02_2004_04_02,nc02,2004,thin_burn,2,2,thin_burn,north cascades,orchard rainbow,4,2,thin_burn,1,1,0,04year02,4,323,0,0,0,
nc02_2007_04_15,nc02,2007,thin_burn,5,15,thin_burn,north cascades,orchard rainbow,4,15,thin_burn,1,1,0,04year15,4,324,1,0,0,year coding was off and falsely attributing longterm
nc02_2012_04_10,nc02,2012,thin_burn,10,10,thin_burn,north cascades,orchard rainbow,4,10,thin_burn,1,1,0,04year10,4,325,1,0,0,
nc02_2017_04_20,nc02,2017,thin_burn,15,20,thin_burn,north cascades,orchard rainbow,4,20,thin_burn,1,1,0,04year20,4,326,1,0,0,
nc02_2018_05_00,nc02,2018,thin_burn_burn,0,0,thin_burn_burn,north cascades,orchard rainbow,5,0,thin_burn_burn,2,1,0,05post00,5,327,0,0,0,
nc02_2020_05_02,nc02,2020,thin_burn_burn,2,2,thin_burn_burn,north cascades,orchard rainbow,5,2,thin_burn_burn,2,1,0,05year02,5,328,0,0,0,
nc04_1997_-1_-1,nc04,1997,pretreatment_current,-1,-1,pretreatment_current,north cascades,company creek,-1,-1,pretreatment_current,0,0,0,-1pre-1,-1,329,0,0,0,
nc04_1997_01_00,nc04,1997,burn,0,0,burn,north cascades,company creek,1,0,burn,1,0,0,01post00,1,330,0,0,0,
nc04_1998_01_06,nc04,1998,burn,1,6,burn,north cascades,company creek,1,6,burn,1,0,0,01year06,1,331,0,0,0,
nc04_1999_01_02,nc04,1999,burn,2,2,burn,north cascades,company creek,1,2,burn,1,0,0,01year02,1,332,0,0,0,
nc04_2002_02_01,nc04,2002,burn_thin,1,1,thin,north cascades,company creek,2,1,thin,0,1,0,02year01,2,333,0,1,1,posttreatment read for a thin??
nc04_2002_04_05,nc04,2002,burn_thin,0,5,thin_burn,north cascades,company creek,4,5,thin_burn,1,1,0,04year05,4,334,1,1,0,changed thin burn order
nc04_2003_05_00,nc04,2003,burn_thin_burn,0,0,thin_burn_burn,north cascades,company creek,5,0,thin_burn_burn,2,1,0,05post00,5,335,0,1,0,
nc04_2004_05_01,nc04,2004,burn_thin_burn,1,1,thin_burn_burn,north cascades,company creek,5,1,thin_burn_burn,2,1,0,05year01,5,336,0,1,0,
nc04_2005_05_02,nc04,2005,burn_thin_burn,2,2,thin_burn_burn,north cascades,company creek,5,2,thin_burn_burn,2,1,0,05year02,5,337,0,1,0,
nc04_2008_05_05,nc04,2008,burn_thin_burn,5,5,thin_burn_burn,north cascades,company creek,5,5,thin_burn_burn,2,1,0,05year05,5,338,0,1,0,
nc04_2013_05_10,nc04,2013,burn_thin_burn,10,10,thin_burn_burn,north cascades,company creek,5,10,thin_burn_burn,2,1,0,05year10,5,339,0,1,0,
nc04_2018_05_15,nc04,2018,burn_thin_burn,15,15,thin_burn_burn,north cascades,company creek,5,15,thin_burn_burn,2,1,0,05year15,5,340,0,1,0,
nc05_1997_-1_-1,nc05,1997,pretreatment_current,-1,-1,pretreatment_current,north cascades,company creek,-1,-1,pretreatment_current,0,0,0,-1pre-1,-1,341,0,0,0,
nc05_1997_01_00,nc05,1997,burn,0,0,burn,north cascades,company creek,1,0,burn,1,0,0,01post00,1,342,0,0,0,
nc05_1998_01_01,nc05,1998,burn,1,1,burn,north cascades,company creek,1,1,burn,1,0,0,01year01,1,343,0,0,0,
nc05_1999_01_02,nc05,1999,burn,2,2,burn,north cascades,company creek,1,2,burn,1,0,0,01year02,1,344,0,0,0,
nc05_2002_02_01,nc05,2002,burn_thin,1,1,thin,north cascades,company creek,2,1,thin,0,1,0,02year01,2,345,1,1,1,
nc05_2002_04_05,nc05,2002,burn_thin,1,5,thin_burn,north cascades,company creek,4,5,thin_burn,1,1,0,04year05,4,346,0,1,0,changed thin burn order
nc05_2003_05_00,nc05,2003,burn_thin_burn,0,0,thin_burn_burn,north cascades,company creek,5,0,thin_burn_burn,2,1,0,05post00,5,347,0,1,0,
nc05_2004_05_01,nc05,2004,burn_thin_burn,1,1,thin_burn_burn,north cascades,company creek,5,1,thin_burn_burn,2,1,0,05year01,5,348,0,1,0,
nc05_2005_05_02,nc05,2005,burn_thin_burn,2,2,thin_burn_burn,north cascades,company creek,5,2,thin_burn_burn,2,1,0,05year02,5,349,0,1,0,
nc05_2008_05_05,nc05,2008,burn_thin_burn,5,5,thin_burn_burn,north cascades,company creek,5,5,thin_burn_burn,2,1,0,05year05,5,350,0,1,0,
nc05_2013_05_10,nc05,2013,burn_thin_burn,10,10,thin_burn_burn,north cascades,company creek,5,10,thin_burn_burn,2,1,0,05year10,5,351,0,1,0,
nc05_2018_05_15,nc05,2018,burn_thin_burn,15,15,thin_burn_burn,north cascades,company creek,5,15,thin_burn_burn,2,1,0,05year15,5,352,0,1,0,
nc06_1996_-1_-1,nc06,1996,pretreatment_current,-1,-1,pretreatment_current,north cascades,boulder,-1,-1,pretreatment_current,0,0,0,-1pre-1,-1,353,0,0,0,
nc06_1996_01_00,nc06,1996,burn,0,0,burn,north cascades,boulder,1,0,burn,1,0,0,01post00,1,354,0,0,0,
nc06_1997_01_01,nc06,1997,burn,1,1,burn,north cascades,boulder,1,1,burn,1,0,0,01year01,1,355,0,0,0,
nc06_1998_01_02,nc06,1998,burn,2,2,burn,north cascades,boulder,1,2,burn,1,0,0,01year02,1,356,0,0,0,
nc06_2002_01_05,nc06,2002,burn,6,5,burn,north cascades,boulder,1,5,burn,1,0,0,01year05,1,357,0,0,1,"Duplicated year with six years post, is in fact six years post"
nc06_2002_01_06,nc06,2002,burn,6,6,burn,north cascades,boulder,1,6,burn,1,0,0,01year06,1,358,0,0,0,
nc06_2007_02_01,nc06,2007,burn_thin,1,1,thin,north cascades,boulder,2,1,thin,0,1,0,02year01,2,359,1,1,0,posttreatment read for a thin??
nc06_2011_04_15,nc06,2011,burn_thin,5,15,thin_burn,north cascades,boulder,4,15,thin_burn,1,1,0,04year15,4,360,1,1,0,"years coding was off, so was thin burn order"
nc06_2016_04_20,nc06,2016,burn_thin,10,20,thin_burn,north cascades,boulder,4,20,thin_burn,1,1,0,04year20,4,361,1,1,0,
nc07_1996_-1_-1,nc07,1996,pretreatment_current,-1,-1,pretreatment_current,north cascades,boulder,-1,-1,pretreatment_current,0,0,0,-1pre-1,-1,362,0,0,0,
nc07_1996_01_00,nc07,1996,burn,0,0,burn,north cascades,boulder,1,0,burn,1,0,0,01post00,1,363,0,0,0,
nc07_1997_01_01,nc07,1997,burn,1,1,burn,north cascades,boulder,1,1,burn,1,0,0,01year01,1,364,0,0,0,
nc07_1998_01_02,nc07,1998,burn,2,2,burn,north cascades,boulder,1,2,burn,1,0,0,01year02,1,365,0,0,0,
nc07_2002_01_05,nc07,2002,burn,5,5,burn,north cascades,boulder,1,5,burn,1,0,0,01year05,1,366,1,0,1,"Duplicated year with six years post, is in fact six years post"
nc07_2002_01_06,nc07,2002,burn,6,6,burn,north cascades,boulder,1,6,burn,1,0,0,01year06,1,367,0,0,0,
nc07_2007_02_01,nc07,2007,burn_thin,1,1,thin,north cascades,boulder,2,1,thin,0,1,0,02year01,2,368,0,1,0,posttreatment read for a thin??
nc07_2011_04_15,nc07,2011,burn_thin,5,15,thin_burn,north cascades,boulder,4,15,thin_burn,1,1,0,04year15,4,369,0,0,0,
nc07_2016_04_20,nc07,2016,burn_thin,10,20,thin_burn,north cascades,boulder,4,20,thin_burn,1,1,0,04year20,4,370,0,0,0,
nc08_1996_-1_-1,nc08,1996,pretreatment_current,-1,-1,pretreatment_current,north cascades,boulder,-1,-1,pretreatment_current,0,0,0,-1pre-1,-1,371,0,0,0,
nc08_1996_01_00,nc08,1996,burn,0,0,burn,north cascades,boulder,1,0,burn,1,0,0,01post00,1,372,0,0,0,
nc08_1997_01_01,nc08,1997,burn,1,1,burn,north cascades,boulder,1,1,burn,1,0,0,01year01,1,373,0,0,0,
nc08_1998_01_02,nc08,1998,burn,2,2,burn,north cascades,boulder,1,2,burn,1,0,0,01year02,1,374,0,0,0,
nc08_2002_01_05,nc08,2002,burn,6,5,burn,north cascades,boulder,1,5,burn,1,0,0,01year05,1,375,1,0,1,"Duplicated year with six years post, is in fact six years post"
nc08_2002_01_06,nc08,2002,burn,6,6,burn,north cascades,boulder,1,6,burn,1,0,0,01year06,1,376,0,0,0,
nc08_2007_02_01,nc08,2007,burn_thin,1,1,thin,north cascades,boulder,2,1,thin,0,1,0,02year01,2,377,0,1,0,posttreatment read for a thin??
nc08_2011_04_15,nc08,2011,burn_thin,5,15,thin_burn,north cascades,boulder,4,15,thin_burn,1,1,0,04year15,4,378,1,0,0,Skips ahead ten years
nc08_2016_04_20,nc08,2016,burn_thin,10,20,thin_burn,north cascades,boulder,4,20,thin_burn,1,1,0,04year20,4,379,1,0,0,
nc09_1997_-2_-2,nc09,1997,pretreatment_early,-2,-2,pretreatment_early,north cascades,bullion,-2,-2,pretreatment_early,0,0,0,-2pre-2,-2,380,0,0,0,
nc09_2000_-1_-1,nc09,2000,pretreatment_current,-1,-1,pretreatment_current,north cascades,bullion,-1,-1,pretreatment_current,0,0,0,-1pre-1,-1,381,0,0,0,
nc09_2002_02_01,nc09,2002,thin,1,1,thin,north cascades,bullion,2,1,thin,0,1,0,02year01,2,382,0,0,0,
nc09_2005_04_00,nc09,2005,thin_burn,0,0,thin_burn,north cascades,bullion,4,0,thin_burn,1,1,0,04post00,4,383,0,0,0,
nc09_2006_04_01,nc09,2006,thin_burn,1,1,thin_burn,north cascades,bullion,4,1,thin_burn,1,1,0,04year01,4,384,0,0,0,
nc09_2007_04_02,nc09,2007,thin_burn,2,2,thin_burn,north cascades,bullion,4,2,thin_burn,1,1,0,04year02,4,385,0,0,0,
nc09_2010_04_05,nc09,2010,thin_burn,5,5,thin_burn,north cascades,bullion,4,5,thin_burn,1,1,0,04year05,4,386,0,0,0,
nc09_2015_04_10,nc09,2015,thin_burn,10,10,thin_burn,north cascades,bullion,4,10,thin_burn,1,1,0,04year10,4,387,0,0,0,
nc09_2020_04_15,nc09,2020,thin_burn,15,15,thin_burn,north cascades,bullion,4,15,thin_burn,1,1,0,04year15,4,388,0,0,0,
nc10_1997_-2_-2,nc10,1997,pretreatment_early,-2,-2,pretreatment_early,north cascades,company creek,-2,-2,pretreatment_early,0,0,0,-2pre-2,-2,389,0,0,0,
nc10_2000_-1_-1,nc10,2000,pretreatment_current,-1,-1,pretreatment_current,north cascades,company creek,-1,-1,pretreatment_current,0,0,0,-1pre-1,-1,390,0,0,0,
nc10_2002_02_01,nc10,2002,thin,1,1,thin,north cascades,company creek,2,1,thin,0,1,0,02year01,2,391,0,0,0,
nc10_2003_04_00,nc10,2003,thin_burn,0,0,thin_burn,north cascades,company creek,4,0,thin_burn,1,1,0,04post00,4,392,0,0,0,
nc10_2004_04_01,nc10,2004,thin_burn,1,1,thin_burn,north cascades,company creek,4,1,thin_burn,1,1,0,04year01,4,393,0,0,0,
nc10_2005_04_02,nc10,2005,thin_burn,2,2,thin_burn,north cascades,company creek,4,2,thin_burn,1,1,0,04year02,4,394,0,0,0,
nc10_2008_04_05,nc10,2008,thin_burn,5,5,thin_burn,north cascades,company creek,4,5,thin_burn,1,1,0,04year05,4,395,0,0,0,
nc10_2013_04_10,nc10,2013,thin_burn,10,10,thin_burn,north cascades,company creek,4,10,thin_burn,1,1,0,04year10,4,396,0,0,0,
nc10_2018_04_15,nc10,2018,thin_burn,15,15,thin_burn,north cascades,company creek,4,15,thin_burn,1,1,0,04year15,4,397,0,0,0,
nc11_1997_-2_-2,nc11,1997,pretreatment_early,-2,-2,pretreatment_early,north cascades,company creek,-2,-2,pretreatment_early,0,0,0,-2pre-2,-2,398,0,0,0,
nc11_2000_-1_-1,nc11,2000,pretreatment_current,-1,-1,pretreatment_current,north cascades,company creek,-1,-1,pretreatment_current,0,0,0,-1pre-1,-1,399,0,0,0,
nc11_2002_02_01,nc11,2002,thin,1,1,thin,north cascades,company creek,2,1,thin,0,1,0,02year01,2,400,0,0,0,
nc11_2003_04_00,nc11,2003,thin_burn,0,0,thin_burn,north cascades,company creek,4,0,thin_burn,1,1,0,04post00,4,401,0,0,0,
nc11_2004_04_01,nc11,2004,thin_burn,1,1,thin_burn,north cascades,company creek,4,1,thin_burn,1,1,0,04year01,4,402,0,0,0,
nc11_2005_04_02,nc11,2005,thin_burn,2,2,thin_burn,north cascades,company creek,4,2,thin_burn,1,1,0,04year02,4,403,0,0,0,
nc11_2008_04_05,nc11,2008,thin_burn,5,5,thin_burn,north cascades,company creek,4,5,thin_burn,1,1,0,04year05,4,404,0,0,0,
nc11_2013_04_10,nc11,2013,thin_burn,10,10,thin_burn,north cascades,company creek,4,10,thin_burn,1,1,0,04year10,4,405,0,0,0,
nc11_2018_04_15,nc11,2018,thin_burn,15,15,thin_burn,north cascades,company creek,4,15,thin_burn,1,1,0,04year15,4,406,0,0,0,
nc12_1997_-2_-2,nc12,1997,pretreatment_early,-2,-2,pretreatment_early,north cascades,bullion,-2,-2,pretreatment_early,0,0,0,-2pre-2,-2,407,0,0,0,
nc12_2000_-1_-1,nc12,2000,pretreatment_current,-1,-1,pretreatment_current,north cascades,bullion,-1,-1,pretreatment_current,0,0,0,-1pre-1,-1,408,0,0,0,
nc12_2002_02_01,nc12,2002,thin,1,1,thin,north cascades,bullion,2,1,thin,0,1,0,02year01,2,409,0,0,0,
nc12_2007_02_05,nc12,2007,thin,5,5,thin,north cascades,bullion,2,5,thin,0,1,0,02year05,2,410,0,0,0,
nc12_2008_02_02,nc12,2008,thin,6,2,thin,north cascades,bullion,2,2,thin,0,1,0,02year02,2,411,1,0,0,year 6 or 7? Represented with a 2
nc14_1998_-1_-1,nc14,1998,pretreatment_current,-1,-1,pretreatment_current,north cascades,company creek,-1,-1,pretreatment_current,0,0,0,-1pre-1,-1,412,0,0,0,
nc14_2002_02_01,nc14,2002,thin,1,1,thin,north cascades,company creek,2,1,thin,0,1,0,02year01,2,413,0,0,0,
nc14_2003_04_00,nc14,2003,thin_burn,0,0,thin_burn,north cascades,company creek,4,0,thin_burn,1,1,0,04post00,4,414,0,0,0,
nc14_2004_04_01,nc14,2004,thin_burn,1,1,thin_burn,north cascades,company creek,4,1,thin_burn,1,1,0,04year01,4,415,0,0,0,
nc14_2005_04_02,nc14,2005,thin_burn,2,2,thin_burn,north cascades,company creek,4,2,thin_burn,1,1,0,04year02,4,416,0,0,0,
nc14_2008_04_05,nc14,2008,thin_burn,5,5,thin_burn,north cascades,company creek,4,5,thin_burn,1,1,0,04year05,4,417,0,0,0,
nc14_2013_04_10,nc14,2013,thin_burn,10,10,thin_burn,north cascades,company creek,4,10,thin_burn,1,1,0,04year10,4,418,0,0,0,
nc14_2018_04_15,nc14,2018,thin_burn,15,15,thin_burn,north cascades,company creek,4,15,thin_burn,1,1,0,04year15,4,419,0,0,0,
nc16_2001_-1_-1,nc16,2001,pretreatment_current,-1,-1,pretreatment_current,north cascades,bullion,-1,-1,pretreatment_current,0,0,0,-1pre-1,-1,420,0,0,0,
nc16_2002_02_01,nc16,2002,thin,1,1,thin,north cascades,bullion,2,1,thin,0,1,0,02year01,2,421,0,0,0,
nc17_1998_-1_-1,nc17,1998,pretreatment_current,-1,-1,pretreatment_current,north cascades,orchard rainbow,-1,-1,pretreatment_current,0,0,0,-1pre-1,-1,422,0,0,0,
nc17_2001_02_01,nc17,2001,thin,1,1,thin,north cascades,orchard rainbow,2,1,thin,0,1,0,02year01,2,423,0,0,0,
nc17_2002_04_00,nc17,2002,thin_burn,0,0,thin_burn,north cascades,orchard rainbow,4,0,thin_burn,1,1,0,04post00,4,424,0,0,0,
nc17_2003_04_01,nc17,2003,thin_burn,1,1,thin_burn,north cascades,orchard rainbow,4,1,thin_burn,1,1,0,04year01,4,425,0,0,0,
nc17_2004_04_02,nc17,2004,thin_burn,2,2,thin_burn,north cascades,orchard rainbow,4,2,thin_burn,1,1,0,04year02,4,426,0,0,0,
nc17_2007_04_05,nc17,2007,thin_burn,5,5,thin_burn,north cascades,orchard rainbow,4,5,thin_burn,1,1,0,04year05,4,427,0,0,0,
nc17_2012_04_10,nc17,2012,thin_burn,10,10,thin_burn,north cascades,orchard rainbow,4,10,thin_burn,1,1,0,04year10,4,428,0,0,0,
nc17_2017_04_15,nc17,2017,thin_burn,15,15,thin_burn,north cascades,orchard rainbow,4,15,thin_burn,1,1,0,04year15,4,429,0,0,0,
nc17_2018_05_00,nc17,2018,thin_burn_burn,0,0,thin_burn_burn,north cascades,orchard rainbow,5,0,thin_burn_burn,2,1,0,05post00,5,430,0,0,0,
nc17_2020_05_02,nc17,2020,thin_burn_burn,2,2,thin_burn_burn,north cascades,orchard rainbow,5,2,thin_burn_burn,2,1,0,05year02,5,431,0,0,0,
nc19_1997_-1_-1,nc19,1997,pretreatment_current,-1,-1,pretreatment_current,north cascades,orchard rainbow,-1,-1,pretreatment_current,0,0,0,-1pre-1,-1,432,0,0,0,
nc19_2002_02_01,nc19,2002,thin,1,1,thin,north cascades,orchard rainbow,2,1,thin,0,1,0,02year01,2,433,0,0,0,
nc19_2003_04_00,nc19,2003,thin_burn,0,0,thin_burn,north cascades,orchard rainbow,4,0,thin_burn,1,1,0,04post00,4,434,0,0,0,
nc19_2004_04_01,nc19,2004,thin_burn,1,1,thin_burn,north cascades,orchard rainbow,4,1,thin_burn,1,1,0,04year01,4,435,0,0,0,
nc19_2005_04_02,nc19,2005,thin_burn,2,2,thin_burn,north cascades,orchard rainbow,4,2,thin_burn,1,1,0,04year02,4,436,0,0,0,
nc19_2008_04_05,nc19,2008,thin_burn,5,5,thin_burn,north cascades,orchard rainbow,4,5,thin_burn,1,1,0,04year05,4,437,0,0,0,
nc19_2013_04_10,nc19,2013,thin_burn,10,10,thin_burn,north cascades,orchard rainbow,4,10,thin_burn,1,1,0,04year10,4,438,0,0,0,
nc19_2018_04_15,nc19,2018,thin_burn,15,15,thin_burn,north cascades,orchard rainbow,4,15,thin_burn,1,1,0,04year15,4,439,0,0,0,
nc19_2018_05_00,nc19,2018,thin_burn_burn,0,0,thin_burn_burn,north cascades,orchard rainbow,5,0,thin_burn_burn,2,1,0,05post00,5,440,0,0,0,
nc19_2020_05_02,nc19,2020,thin_burn_burn,2,2,thin_burn_burn,north cascades,orchard rainbow,5,2,thin_burn_burn,2,1,0,05year02,5,441,0,0,0,
nc21_1996_-1_-1,nc21,1996,pretreatment_current,-1,-1,pretreatment_current,north cascades,company creek,-1,-1,pretreatment_current,0,0,0,-1pre-1,-1,442,0,0,0,
nc21_1997_01_00,nc21,1997,burn,0,0,burn,north cascades,company creek,1,0,burn,1,0,0,01post00,1,443,0,0,0,
nc21_1998_01_01,nc21,1998,burn,1,1,burn,north cascades,company creek,1,1,burn,1,0,0,01year01,1,444,0,0,0,
nc21_1999_01_02,nc21,1999,burn,2,2,burn,north cascades,company creek,1,2,burn,1,0,0,01year02,1,445,0,0,0,
nc21_2002_01_05,nc21,2002,burn,5,5,burn,north cascades,company creek,1,5,burn,1,0,0,01year05,1,446,0,1,0,thinburn coding and order
nc21_2003_02_01,nc21,2003,burn_thin,1,1,thin,north cascades,company creek,2,1,thin,0,1,0,02year01,2,447,0,1,0,
nc21_2004_05_00,nc21,2004,burn_thin_burn,0,0,thin_burn_burn,north cascades,company creek,5,0,thin_burn_burn,2,1,0,05post00,5,448,0,1,0,
nc21_2005_05_01,nc21,2005,burn_thin_burn,1,1,thin_burn_burn,north cascades,company creek,5,1,thin_burn_burn,2,1,0,05year01,5,449,0,1,0,
nc21_2006_05_02,nc21,2006,burn_thin_burn,2,2,thin_burn_burn,north cascades,company creek,5,2,thin_burn_burn,2,1,0,05year02,5,450,0,1,0,
nc21_2009_05_05,nc21,2009,burn_thin_burn,5,5,thin_burn_burn,north cascades,company creek,5,5,thin_burn_burn,2,1,0,05year05,5,451,0,1,0,
nc21_2014_05_10,nc21,2014,burn_thin_burn,10,10,thin_burn_burn,north cascades,company creek,5,10,thin_burn_burn,2,1,0,05year10,5,452,0,1,0,
nc21_2019_05_15,nc21,2019,burn_thin_burn,15,15,thin_burn_burn,north cascades,company creek,5,15,thin_burn_burn,2,1,0,05year15,5,453,0,1,0,
nc22_1996_-1_-1,nc22,1996,pretreatment_current,-1,-1,pretreatment_current,north cascades,company creek,-1,-1,pretreatment_current,0,0,0,-1pre-1,-1,454,0,0,0,
nc22_1997_01_00,nc22,1997,burn,0,0,burn,north cascades,company creek,1,0,burn,1,0,0,01post00,1,455,0,0,0,
nc22_1998_01_01,nc22,1998,burn,1,1,burn,north cascades,company creek,1,1,burn,1,0,0,01year01,1,456,0,0,0,
nc22_1999_01_02,nc22,1999,burn,2,2,burn,north cascades,company creek,1,2,burn,1,0,0,01year02,1,457,0,0,0,
nc22_2002_01_05,nc22,2002,burn,5,5,burn,north cascades,company creek,1,5,burn,1,0,0,01year05,1,458,0,0,0,
nc22_2003_02_01,nc22,2003,burn_thin,1,1,thin,north cascades,company creek,2,1,thin,0,1,0,02year01,2,459,0,1,0,thinburn coding and order
nc22_2004_05_00,nc22,2004,burn_thin_burn,0,0,thin_burn_burn,north cascades,company creek,5,0,thin_burn_burn,2,1,0,05post00,5,460,0,1,0,
nc22_2005_05_01,nc22,2005,burn_thin_burn,1,1,thin_burn_burn,north cascades,company creek,5,1,thin_burn_burn,2,1,0,05year01,5,461,0,1,0,
nc22_2006_05_02,nc22,2006,burn_thin_burn,2,2,thin_burn_burn,north cascades,company creek,5,2,thin_burn_burn,2,1,0,05year02,5,462,0,1,0,
nc22_2009_05_05,nc22,2009,burn_thin_burn,5,5,thin_burn_burn,north cascades,company creek,5,5,thin_burn_burn,2,1,0,05year05,5,463,0,1,0,
nc22_2014_05_10,nc22,2014,burn_thin_burn,10,10,thin_burn_burn,north cascades,company creek,5,10,thin_burn_burn,2,1,0,05year10,5,464,0,1,0,
nc22_2019_05_15,nc22,2019,burn_thin_burn,15,15,thin_burn_burn,north cascades,company creek,5,15,thin_burn_burn,2,1,0,05year15,5,465,0,1,0,
nc22_2020_02_02,nc22,2020,burn_thin_burn_thin,2,2,burn_thin_burn_thin,north cascades,company creek,2,2,thin,0,1,0,02year02,2,466,1,1,0,Year is 2 post but it logically can't be with the read of a treatment the year before
nc23_1996_-1_-1,nc23,1996,pretreatment_current,-1,-1,pretreatment_current,north cascades,company creek,-1,-1,pretreatment_current,0,0,0,-1pre-1,-1,467,0,0,0,
nc23_1997_01_00,nc23,1997,burn,0,0,burn,north cascades,company creek,1,0,burn,1,0,0,01post00,1,468,0,0,0,
nc23_1998_01_01,nc23,1998,burn,1,1,burn,north cascades,company creek,1,1,burn,1,0,0,01year01,1,469,0,0,0,
nc23_1999_01_02,nc23,1999,burn,2,2,burn,north cascades,company creek,1,2,burn,1,0,0,01year02,1,470,0,0,0,
nc23_2002_01_05,nc23,2002,burn,5,5,burn,north cascades,company creek,1,5,burn,1,0,0,01year05,1,471,0,0,0,
nc23_2003_02_01,nc23,2003,burn_thin,1,1,thin,north cascades,company creek,2,1,thin,0,1,0,02year01,2,472,0,1,0,thinburn coding and order
nc23_2004_05_00,nc23,2004,burn_thin_burn,0,0,thin_burn_burn,north cascades,company creek,5,0,thin_burn_burn,2,1,0,05post00,5,473,0,0,0,
nc23_2005_05_01,nc23,2005,burn_thin_burn,1,1,thin_burn_burn,north cascades,company creek,5,1,thin_burn_burn,2,1,0,05year01,5,474,0,0,0,
nc23_2006_05_02,nc23,2006,burn_thin_burn,2,2,thin_burn_burn,north cascades,company creek,5,2,thin_burn_burn,2,1,0,05year02,5,475,0,0,0,
nc23_2009_05_05,nc23,2009,burn_thin_burn,5,5,thin_burn_burn,north cascades,company creek,5,5,thin_burn_burn,2,1,0,05year05,5,476,0,0,0,
nc23_2014_05_10,nc23,2014,burn_thin_burn,10,10,thin_burn_burn,north cascades,company creek,5,10,thin_burn_burn,2,1,0,05year10,5,477,0,0,0,
nc23_2019_05_15,nc23,2019,burn_thin_burn,15,15,thin_burn_burn,north cascades,company creek,5,15,thin_burn_burn,2,1,0,05year15,5,478,0,0,0,
nc24_1996_-1_-1,nc24,1996,pretreatment_current,-1,-1,pretreatment_current,north cascades,company creek,-1,-1,pretreatment_current,0,0,0,-1pre-1,-1,479,0,0,0,
nc24_1997_01_00,nc24,1997,burn,0,0,burn,north cascades,company creek,1,0,burn,1,0,0,01post00,1,480,0,0,0,
nc24_1998_01_01,nc24,1998,burn,1,1,burn,north cascades,company creek,1,1,burn,1,0,0,01year01,1,481,0,0,0,
nc24_1999_01_02,nc24,1999,burn,2,2,burn,north cascades,company creek,1,2,burn,1,0,0,01year02,1,482,0,0,0,
nc24_2002_01_05,nc24,2002,burn,5,5,burn,north cascades,company creek,1,5,burn,1,0,0,01year05,1,483,0,0,0,
nc24_2003_02_01,nc24,2003,burn_thin,1,1,thin,north cascades,company creek,2,1,thin,0,1,0,02year01,2,484,0,1,0,thinburn coding and order
nc24_2004_05_00,nc24,2004,burn_thin_burn,0,0,thin_burn_burn,north cascades,company creek,5,0,thin_burn_burn,2,1,0,05post00,5,485,0,1,0,
nc24_2005_05_01,nc24,2005,burn_thin_burn,1,1,thin_burn_burn,north cascades,company creek,5,1,thin_burn_burn,2,1,0,05year01,5,486,0,1,0,
nc24_2006_05_02,nc24,2006,burn_thin_burn,2,2,thin_burn_burn,north cascades,company creek,5,2,thin_burn_burn,2,1,0,05year02,5,487,0,1,0,
nc24_2009_05_05,nc24,2009,burn_thin_burn,5,5,thin_burn_burn,north cascades,company creek,5,5,thin_burn_burn,2,1,0,05year05,5,488,0,1,0,
nc24_2014_05_10,nc24,2014,burn_thin_burn,10,10,thin_burn_burn,north cascades,company creek,5,10,thin_burn_burn,2,1,0,05year10,5,489,0,0,0,
nc24_2019_05_15,nc24,2019,burn_thin_burn,15,15,thin_burn_burn,north cascades,company creek,5,15,thin_burn_burn,2,1,0,05year15,5,490,0,0,0,
nc25_1996_-1_-1,nc25,1996,pretreatment_current,-1,-1,pretreatment_current,north cascades,bullion,-1,-1,pretreatment_current,0,0,0,-1pre-1,-1,491,0,0,0,
nc25_1999_01_00,nc25,1999,burn,0,0,burn,north cascades,bullion,1,0,burn,1,0,0,01post00,1,492,0,0,0,
nc25_2000_01_01,nc25,2000,burn,1,1,burn,north cascades,bullion,1,1,burn,1,0,0,01year01,1,493,0,0,0,
nc25_2001_01_02,nc25,2001,burn,2,2,burn,north cascades,bullion,1,2,burn,1,0,0,01year02,1,494,0,0,0,
nc25_2005_05_00,nc25,2005,burn_thin_burn,0,0,thin_burn_burn,north cascades,bullion,5,0,thin_burn_burn,2,1,0,05post00,5,495,0,0,0,
nc25_2006_05_01,nc25,2006,burn_thin_burn,1,1,thin_burn_burn,north cascades,bullion,5,1,thin_burn_burn,2,1,0,05year01,5,496,0,0,0,
nc25_2007_05_02,nc25,2007,burn_thin_burn,2,2,thin_burn_burn,north cascades,bullion,5,2,thin_burn_burn,2,1,0,05year02,5,497,0,0,0,
nc25_2008_02_02,nc25,2008,burn_thin_burn_thin,2,2,thin,north cascades,bullion,2,2,thin,0,1,0,02year02,2,498,1,1,0,is two years post but logically can't be 
nc25_2010_08_05,nc25,2010,burn_thin_burn_thin,4,5,thin_thin_burn_burn,north cascades,bullion,8,5,thin_thin_burn_burn,2,2,0,08year05,8,499,1,1,0,"is five years post but logically can't be, for different reasons with the two proceeding roles"
nc25_2010_09_00,nc25,2010,burn_thin_burn_thin_burn,0,0,thin_thin_burn_burn_burn,north cascades,bullion,9,0,thin_thin_burn_burn_burn,3,2,0,09post00,9,500,0,1,0,thinburnthinburnthinburn order
nc25_2011_09_01,nc25,2011,burn_thin_burn_thin_burn,1,1,thin_thin_burn_burn_burn,north cascades,bullion,9,1,thin_thin_burn_burn_burn,3,2,0,09year01,9,501,0,1,0,
nc25_2012_09_02,nc25,2012,burn_thin_burn_thin_burn,2,2,thin_thin_burn_burn_burn,north cascades,bullion,9,2,thin_thin_burn_burn_burn,3,2,0,09year02,9,502,0,1,0,
nc25_2015_09_05,nc25,2015,burn_thin_burn_thin_burn,5,5,thin_thin_burn_burn_burn,north cascades,bullion,9,5,thin_thin_burn_burn_burn,3,2,0,09year05,9,503,0,1,0,
nc25_2020_09_10,nc25,2020,burn_thin_burn_thin_burn,10,10,thin_thin_burn_burn_burn,north cascades,bullion,9,10,thin_thin_burn_burn_burn,3,2,0,09year10,9,504,0,1,0,
nc28_1996_-1_-1,nc28,1996,pretreatment_current,-1,-1,pretreatment_current,north cascades,boulder,-1,-1,pretreatment_current,0,0,0,-1pre-1,-1,505,0,0,0,
nc28_1996_01_00,nc28,1996,burn,0,0,burn,north cascades,boulder,1,0,burn,1,0,0,01post00,1,506,0,0,0,
nc28_1997_01_01,nc28,1997,burn,1,1,burn,north cascades,boulder,1,1,burn,1,0,0,01year01,1,507,0,0,0,
nc28_1998_01_02,nc28,1998,burn,2,2,burn,north cascades,boulder,1,2,burn,1,0,0,01year02,1,508,0,0,0,
nc28_2002_01_06,nc28,2002,burn,6,6,burn,north cascades,boulder,1,6,burn,1,0,0,01year06,1,509,0,0,0,
nc28_2007_02_01,nc28,2007,burn_thin,1,1,thin,north cascades,boulder,2,1,thin,0,1,0,02year01,2,510,0,1,0,thinburn coding and order
nc28_2011_04_15,nc28,2011,thin_burn,5,15,thin_burn,north cascades,boulder,4,15,thin_burn,1,1,0,04year15,4,511,1,1,0,skipped ahead ten years
nc28_2016_04_20,nc28,2016,thin_burn,10,20,thin_burn,north cascades,boulder,4,20,thin_burn,1,1,0,04year20,4,512,1,1,0,
nc30_1996_-1_-1,nc30,1996,pretreatment_current,-1,-1,pretreatment_current,north cascades,company creek,-1,-1,pretreatment_current,0,0,0,-1pre-1,-1,513,0,0,0,
nc30_1997_01_00,nc30,1997,burn,0,0,burn,north cascades,company creek,1,0,burn,1,0,0,01post00,1,514,0,0,0,
nc30_1998_01_01,nc30,1998,burn,1,1,burn,north cascades,company creek,1,1,burn,1,0,0,01year01,1,515,0,0,0,
nc30_1999_01_02,nc30,1999,burn,2,2,burn,north cascades,company creek,1,2,burn,1,0,0,01year02,1,516,0,0,0,
nc30_2002_01_05,nc30,2002,burn,5,5,burn,north cascades,company creek,1,5,burn,1,0,0,01year05,1,517,0,0,0,
nc30_2003_02_01,nc30,2003,burn_thin,1,1,thin,north cascades,company creek,2,1,thin,0,1,0,02year01,2,518,0,1,0,thinburn coding and order
nc30_2004_05_00,nc30,2004,burn_thin_burn,0,0,thin_burn_burn,north cascades,company creek,5,0,thin_burn_burn,2,1,0,05post00,5,519,0,1,0,
nc30_2005_05_01,nc30,2005,burn_thin_burn,1,1,thin_burn_burn,north cascades,company creek,5,1,thin_burn_burn,2,1,0,05year01,5,520,0,1,0,
nc30_2006_05_02,nc30,2006,burn_thin_burn,2,2,thin_burn_burn,north cascades,company creek,5,2,thin_burn_burn,2,1,0,05year02,5,521,0,1,0,
nc30_2009_05_05,nc30,2009,burn_thin_burn,5,5,thin_burn_burn,north cascades,company creek,5,5,thin_burn_burn,2,1,0,05year05,5,522,0,1,0,
nc30_2014_05_10,nc30,2014,burn_thin_burn,10,10,thin_burn_burn,north cascades,company creek,5,10,thin_burn_burn,2,1,0,05year10,5,523,0,1,0,
nc30_2019_05_15,nc30,2019,burn_thin_burn,15,15,thin_burn_burn,north cascades,company creek,5,15,thin_burn_burn,2,1,0,05year15,5,524,0,1,0,
nc31_1997_-1_-1,nc31,1997,pretreatment_current,-1,-1,pretreatment_current,north cascades,company creek,-1,-1,pretreatment_current,0,0,0,-1pre-1,-1,525,0,0,0,
nc31_1997_01_00,nc31,1997,burn,0,0,burn,north cascades,company creek,1,0,burn,1,0,0,01post00,1,526,0,0,0,
nc31_1998_01_01,nc31,1998,burn,1,1,burn,north cascades,company creek,1,1,burn,1,0,0,01year01,1,527,0,0,0,
nc31_1999_01_02,nc31,1999,burn,2,2,burn,north cascades,company creek,1,2,burn,1,0,0,01year02,1,528,0,0,0,
nc31_2002_01_05,nc31,2002,burn,5,5,burn,north cascades,company creek,1,5,burn,1,0,0,01year05,1,529,0,0,0,
nc31_2003_02_01,nc31,2003,burn_thin,1,1,thin,north cascades,company creek,2,1,thin,0,1,0,02year01,2,530,0,0,0,
nc31_2004_05_00,nc31,2004,burn_thin_burn,0,0,thin_burn_burn,north cascades,company creek,5,0,thin_burn_burn,2,1,0,05post00,5,531,0,0,0,
nc31_2005_05_01,nc31,2005,burn_thin_burn,1,1,thin_burn_burn,north cascades,company creek,5,1,thin_burn_burn,2,1,0,05year01,5,532,0,0,0,
nc31_2006_05_02,nc31,2006,burn_thin_burn,2,2,thin_burn_burn,north cascades,company creek,5,2,thin_burn_burn,2,1,0,05year02,5,533,0,0,0,
nc31_2009_05_05,nc31,2009,burn_thin_burn,5,5,thin_burn_burn,north cascades,company creek,5,5,thin_burn_burn,2,1,0,05year05,5,534,0,0,0,
nc31_2014_05_10,nc31,2014,burn_thin_burn,10,10,thin_burn_burn,north cascades,company creek,5,10,thin_burn_burn,2,1,0,05year10,5,535,0,0,0,
nc31_2019_05_15,nc31,2019,burn_thin_burn,15,15,thin_burn_burn,north cascades,company creek,5,15,thin_burn_burn,2,1,0,05year15,5,536,0,0,0,
nc35_1997_-2_-2,nc35,1997,pretreatment_early,-2,-2,pretreatment_early,north cascades,company creek,-2,-2,pretreatment_early,0,0,0,-2pre-2,-2,537,0,0,0,
nc35_2002_-1_-1,nc35,2002,pretreatment_current,-1,-1,pretreatment_current,north cascades,company creek,-1,-1,pretreatment_current,0,0,0,-1pre-1,-1,538,0,0,0,
nc35_2003_02_01,nc35,2003,thin,1,1,thin,north cascades,company creek,2,1,thin,0,1,0,02year01,2,539,0,0,0,
nc35_2004_04_00,nc35,2004,thin_burn,0,0,thin_burn,north cascades,company creek,4,0,thin_burn,1,1,0,04post00,4,540,0,0,0,
nc35_2005_04_01,nc35,2005,thin_burn,1,1,thin_burn,north cascades,company creek,4,1,thin_burn,1,1,0,04year01,4,541,0,0,0,
nc35_2006_04_02,nc35,2006,thin_burn,2,2,thin_burn,north cascades,company creek,4,2,thin_burn,1,1,0,04year02,4,542,0,0,0,
nc35_2009_04_05,nc35,2009,thin_burn,5,5,thin_burn,north cascades,company creek,4,5,thin_burn,1,1,0,04year05,4,543,0,0,0,
nc35_2014_04_10,nc35,2014,thin_burn,10,10,thin_burn,north cascades,company creek,4,10,thin_burn,1,1,0,04year10,4,544,0,0,0,
nc35_2019_04_15,nc35,2019,thin_burn,15,15,thin_burn,north cascades,company creek,4,15,thin_burn,1,1,0,04year15,4,545,0,0,0,
nc35_2020_02_02,nc35,2020,thin_burn_thin,2,2,thin,north cascades,company creek,2,2,thin,0,1,0,02year02,2,546,1,0,0,years post was two but logically can't be
nc36_1997_-2_-2,nc36,1997,pretreatment_early,-2,-2,pretreatment_early,north cascades,company creek,-2,-2,pretreatment_early,0,0,0,-2pre-2,-2,547,0,0,0,
nc36_2002_-1_-1,nc36,2002,pretreatment_current,-1,-1,pretreatment_current,north cascades,company creek,-1,-1,pretreatment_current,0,0,0,-1pre-1,-1,548,0,0,0,
nc36_2003_02_01,nc36,2003,thin,1,1,thin,north cascades,company creek,2,1,thin,0,1,0,02year01,2,549,0,0,0,
nc36_2004_04_00,nc36,2004,thin_burn,0,0,thin_burn,north cascades,company creek,4,0,thin_burn,1,1,0,04post00,4,550,0,0,0,
nc36_2005_04_01,nc36,2005,thin_burn,1,1,thin_burn,north cascades,company creek,4,1,thin_burn,1,1,0,04year01,4,551,0,0,0,
nc36_2006_04_02,nc36,2006,thin_burn,2,2,thin_burn,north cascades,company creek,4,2,thin_burn,1,1,0,04year02,4,552,0,0,0,
nc36_2009_04_05,nc36,2009,thin_burn,5,5,thin_burn,north cascades,company creek,4,5,thin_burn,1,1,0,04year05,4,553,0,0,0,
nc36_2014_04_10,nc36,2014,thin_burn,10,10,thin_burn,north cascades,company creek,4,10,thin_burn,1,1,0,04year10,4,554,0,0,0,
nc36_2019_04_15,nc36,2019,thin_burn,15,15,thin_burn,north cascades,company creek,4,15,thin_burn,1,1,0,04year15,4,555,0,0,0,
nc36_2020_02_02,nc36,2020,thin_burn_thin,2,2,thin,north cascades,company creek,2,2,thin,0,1,0,02year02,2,556,1,1,0,"years post was two but logically can't be, thinburn order"
nc37_1997_-2_-2,nc37,1997,pretreatment_early,-2,-2,pretreatment_early,north cascades,company creek,-2,-2,pretreatment_early,0,0,0,-2pre-2,-2,557,0,0,0,
nc37_2002_-1_-1,nc37,2002,pretreatment_current,-1,-1,pretreatment_current,north cascades,company creek,-1,-1,pretreatment_current,0,0,0,-1pre-1,-1,558,0,0,0,
nc37_2003_02_01,nc37,2003,thin,1,1,thin,north cascades,company creek,2,1,thin,0,1,0,02year01,2,559,0,0,0,
nc37_2004_04_00,nc37,2004,thin_burn,0,0,thin_burn,north cascades,company creek,4,0,thin_burn,1,1,0,04post00,4,560,0,0,0,
nc37_2005_04_01,nc37,2005,thin_burn,1,1,thin_burn,north cascades,company creek,4,1,thin_burn,1,1,0,04year01,4,561,0,0,0,
nc37_2006_04_02,nc37,2006,thin_burn,2,2,thin_burn,north cascades,company creek,4,2,thin_burn,1,1,0,04year02,4,562,0,0,0,
nc37_2009_04_05,nc37,2009,thin_burn,5,5,thin_burn,north cascades,company creek,4,5,thin_burn,1,1,0,04year05,4,563,0,0,0,
nc37_2014_04_10,nc37,2014,thin_burn,10,10,thin_burn,north cascades,company creek,4,10,thin_burn,1,1,0,04year10,4,564,0,0,0,
nc37_2019_04_15,nc37,2019,thin_burn,15,15,thin_burn,north cascades,company creek,4,15,thin_burn,1,1,0,04year15,4,565,0,0,0,
nc37_2020_02_02,nc37,2020,thin_burn_thin,2,2,thin,north cascades,company creek,2,2,thin,0,1,0,02year02,2,566,0,0,0,
nc38_2001_-1_-1,nc38,2001,pretreatment_current,-1,-1,pretreatment_current,north cascades,bullion,-1,-1,pretreatment_current,0,0,0,-1pre-1,-1,567,0,0,0,
nc38_2002_02_01,nc38,2002,thin,1,1,thin,north cascades,bullion,2,1,thin,0,1,0,02year01,2,568,0,0,0,
nc38_2005_04_00,nc38,2005,thin_burn,0,0,thin_burn,north cascades,bullion,4,0,thin_burn,1,1,0,04post00,4,569,0,0,0,
nc38_2007_04_02,nc38,2007,thin_burn,2,2,thin_burn,north cascades,bullion,4,2,thin_burn,1,1,0,04year02,4,570,0,0,0,
nc38_2008_02_02,nc38,2008,thin_burn_thin,2,2,thin,north cascades,bullion,2,2,thin,0,1,0,02year02,2,571,1,1,0,"years post was 2 but logically can't be, thinburn order"
nc38_2010_07_05,nc38,2010,thin_burn_thin,5,5,thin_thin_burn,north cascades,bullion,7,5,thin_thin_burn,1,2,0,07year05,7,572,1,1,0,says it's five years post but logically can't  be for different reasons with the two different rows
nc38_2010_08_00,nc38,2010,thin_burn_thin_burn,0,0,thin_thin_burn_burn,north cascades,bullion,8,0,thin_thin_burn_burn,2,2,0,08post00,8,573,0,1,0,thinburnthinburn order
nc38_2011_08_01,nc38,2011,thin_burn_thin_burn,1,1,thin_thin_burn_burn,north cascades,bullion,8,1,thin_thin_burn_burn,2,2,0,08year01,8,574,0,1,0,
nc38_2012_08_02,nc38,2012,thin_burn_thin_burn,2,2,thin_thin_burn_burn,north cascades,bullion,8,2,thin_thin_burn_burn,2,2,0,08year02,8,575,0,1,0,
nc38_2015_08_05,nc38,2015,thin_burn_thin_burn,5,5,thin_thin_burn_burn,north cascades,bullion,8,5,thin_thin_burn_burn,2,2,0,08year05,8,576,0,1,0,
nc38_2020_08_10,nc38,2020,thin_burn_thin_burn,10,10,thin_thin_burn_burn,north cascades,bullion,8,10,thin_thin_burn_burn,2,2,0,08year10,8,577,0,1,0,
nc39_2005_-1_-1,nc39,2005,pretreatment_current,-1,-1,pretreatment_current,north cascades,weaver,-1,-1,pretreatment_current,0,0,0,-1pre-1,-1,578,0,0,0,
nc39_2005_02_01,nc39,2005,thin,1,1,thin,north cascades,weaver,2,1,thin,0,1,0,02year01,2,579,0,0,0,
nc39_2007_02_03,nc39,2007,thin,3,3,thin,north cascades,weaver,2,3,thin,0,1,0,02year03,2,580,0,0,0,
nc39_2007_04_00,nc39,2007,thin_burn,0,0,thin_burn,north cascades,weaver,4,0,thin_burn,1,1,0,04post00,4,581,0,0,0,
nc39_2008_04_01,nc39,2008,thin_burn,1,1,thin_burn,north cascades,weaver,4,1,thin_burn,1,1,0,04year01,4,582,0,0,0,
nc39_2009_04_02,nc39,2009,thin_burn,2,2,thin_burn,north cascades,weaver,4,2,thin_burn,1,1,0,04year02,4,583,0,0,0,
nc39_2012_04_05,nc39,2012,thin_burn,5,5,thin_burn,north cascades,weaver,4,5,thin_burn,1,1,0,04year05,4,584,0,0,0,
nc39_2017_04_10,nc39,2017,thin_burn,10,10,thin_burn,north cascades,weaver,4,10,thin_burn,1,1,0,04year10,4,585,0,0,0,
nc41_2005_-1_-1,nc41,2005,pretreatment_current,-1,-1,pretreatment_current,north cascades,mcgregor,-1,-1,pretreatment_current,0,0,0,-1pre-1,-1,586,0,0,0,
nc41_2006_02_01,nc41,2006,thin,1,1,thin,north cascades,mcgregor,2,1,thin,0,1,0,02year01,2,587,0,0,0,
nc42_2005_-1_-1,nc42,2005,pretreatment_current,-1,-1,pretreatment_current,north cascades,mcgregor,-1,-1,pretreatment_current,0,0,0,-1pre-1,-1,588,0,0,0,
nc43_2005_-1_-1,nc43,2005,pretreatment_current,-1,-1,pretreatment_current,north cascades,mcgregor,-1,-1,pretreatment_current,0,0,0,-1pre-1,-1,589,0,0,0,
nc43_2006_02_01,nc43,2006,thin,1,1,thin,north cascades,mcgregor,2,1,thin,0,1,0,02year01,2,590,0,0,0,
nc44_2005_-1_-1,nc44,2005,pretreatment_current,-1,-1,pretreatment_current,north cascades,bullion,-1,-1,pretreatment_current,0,0,0,-1pre-1,-1,591,0,0,0,
nc44_2005_02_01,nc44,2005,thin,1,1,thin,north cascades,bullion,2,1,thin,0,1,0,02year01,2,592,0,0,0,
nc44_2005_04_00,nc44,2005,thin_burn,0,0,thin_burn,north cascades,bullion,4,0,thin_burn,1,1,0,04post00,4,593,0,0,0,
nc44_2006_04_01,nc44,2006,thin_burn,1,1,thin_burn,north cascades,bullion,4,1,thin_burn,1,1,0,04year01,4,594,0,0,0,
nc44_2007_04_02,nc44,2007,thin_burn,2,2,thin_burn,north cascades,bullion,4,2,thin_burn,1,1,0,04year02,4,595,0,0,0,
nc44_2008_02_02,nc44,2008,thin_burn_thin,2,2,thin,north cascades,bullion,2,2,thin,0,1,0,02year02,2,596,1,1,0,says it's two years post but logically can't be
nc44_2010_07_05,nc44,2010,thin_burn_thin,5,5,thin_thin_burn,north cascades,bullion,7,5,thin_thin_burn,1,2,0,07year05,7,597,0,0,0,says it's five years post but logically can't  be for different reasons with the two different rows
nc44_2015_07_10,nc44,2015,thin_burn_thin,10,10,thin_thin_burn,north cascades,bullion,7,10,thin_thin_burn,1,2,0,07year10,7,598,0,0,0,
nc44_2020_07_15,nc44,2020,thin_burn_thin,15,15,thin_thin_burn,north cascades,bullion,7,15,thin_thin_burn,1,2,0,07year15,7,599,0,0,0,
nc45_2005_-1_-1,nc45,2005,pretreatment_current,-1,-1,pretreatment_current,north cascades,mcgregor,-1,-1,pretreatment_current,0,0,0,-1pre-1,-1,600,0,0,0,
nc45_2006_02_01,nc45,2006,thin,1,1,thin,north cascades,mcgregor,2,1,thin,0,1,0,02year01,2,601,0,0,0,
nc46_2005_-1_-1,nc46,2005,pretreatment_current,-1,-1,pretreatment_current,north cascades,mcgregor,-1,-1,pretreatment_current,0,0,0,-1pre-1,-1,602,0,0,0,
nc46_2006_02_01,nc46,2006,thin,1,1,thin,north cascades,mcgregor,2,1,thin,0,1,0,02year01,2,603,0,0,0,
nc47_2007_-1_-1,nc47,2007,pretreatment_current,-1,-1,pretreatment_current,north cascades,weaver,-1,-1,pretreatment_current,0,0,0,-1pre-1,-1,604,0,0,0,
nc47_2007_04_00,nc47,2007,thin_burn,0,0,thin_burn,north cascades,weaver,4,0,thin_burn,1,1,0,04post00,4,605,0,0,0,
nc47_2008_04_01,nc47,2008,thin_burn,1,1,thin_burn,north cascades,weaver,4,1,thin_burn,1,1,0,04year01,4,606,0,0,0,
nc47_2009_04_02,nc47,2009,thin_burn,2,2,thin_burn,north cascades,weaver,4,2,thin_burn,1,1,0,04year02,4,607,0,0,0,
nc47_2012_04_05,nc47,2012,thin_burn,5,5,thin_burn,north cascades,weaver,4,5,thin_burn,1,1,0,04year05,4,608,0,0,0,
nc47_2017_04_10,nc47,2017,thin_burn,10,10,thin_burn,north cascades,weaver,4,10,thin_burn,1,1,0,04year10,4,609,0,0,0,
nc48_2007_-1_-1,nc48,2007,pretreatment_current,-1,-1,pretreatment_current,north cascades,weaver,-1,-1,pretreatment_current,0,0,0,-1pre-1,-1,610,0,0,0,
nc48_2007_04_00,nc48,2007,thin_burn,0,0,thin_burn,north cascades,weaver,4,0,thin_burn,1,1,0,04post00,4,611,0,0,0,
nc48_2008_04_01,nc48,2008,thin_burn,1,1,thin_burn,north cascades,weaver,4,1,thin_burn,1,1,0,04year01,4,612,0,0,0,
nc48_2009_04_02,nc48,2009,thin_burn,2,2,thin_burn,north cascades,weaver,4,2,thin_burn,1,1,0,04year02,4,613,0,0,0,
nc48_2012_04_05,nc48,2012,thin_burn,5,5,thin_burn,north cascades,weaver,4,5,thin_burn,1,1,0,04year05,4,614,0,0,0,
nc48_2017_04_10,nc48,2017,thin_burn,10,10,thin_burn,north cascades,weaver,4,10,thin_burn,1,1,0,04year10,4,615,0,0,0,
nc49_2012_-1_-1,nc49,2012,pretreatment_current,-1,-1,pretreatment_current,north cascades,upper mcgregor,-1,-1,pretreatment_current,0,0,0,-1pre-1,-1,616,0,0,0,
nc49_2017_02_01,nc49,2017,thin,1,1,thin,north cascades,upper mcgregor,2,1,thin,0,1,0,02year01,2,617,0,0,0,
nc49_2018_03_00,nc49,2018,thin_pileburn,0,0,pileburn,north cascades,upper mcgregor,3,0,pileburn,0,0,1,03post00,3,618,0,1,0,thin and pileburn weren't differentiated
nc49_2019_03_02,nc49,2019,thin_pileburn,1,2,pileburn,north cascades,upper mcgregor,3,2,pileburn,0,0,1,03year02,3,619,0,1,0,year given as two but logically it's one
nc50_2012_-1_-1,nc50,2012,pretreatment_current,-1,-1,pretreatment_current,north cascades,upper mcgregor,-1,-1,pretreatment_current,0,0,0,-1pre-1,-1,620,0,0,0,
nc51_2012_-1_-1,nc51,2012,pretreatment_current,-1,-1,pretreatment_current,north cascades,upper mcgregor,-1,-1,pretreatment_current,0,0,0,-1pre-1,-1,621,0,0,0,
nc51_2017_02_01,nc51,2017,thin,1,1,thin,north cascades,upper mcgregor,2,1,thin,0,1,0,02year01,2,622,0,0,0,
nc51_2019_03_00,nc51,2019,thin_pileburn,0,0,pileburn,north cascades,upper mcgregor,3,0,pileburn,0,0,1,03post00,3,623,0,1,0,thin and pileburn weren't differentiated
nc51_2020_03_02,nc51,2020,thin_pileburn,2,2,pileburn,north cascades,upper mcgregor,3,2,pileburn,0,0,1,03year02,3,624,0,1,0,
nc52_2015_02_00,nc52,2015,thin,0,0,thin,north cascades,boulder,2,0,thin,0,1,0,02year00,2,625,0,0,0,
nc52_2017_04_00,nc52,2017,thin_burn,0,0,thin_burn,north cascades,boulder,4,0,thin_burn,1,1,0,04post00,4,626,0,0,0,
nc52_2018_04_01,nc52,2018,thin_burn,1,1,thin_burn,north cascades,boulder,4,1,thin_burn,1,1,0,04year01,4,627,0,0,0,
nc52_2019_04_02,nc52,2019,thin_burn,2,2,thin_burn,north cascades,boulder,4,2,thin_burn,1,1,0,04year02,4,628,0,0,0,
nc53_2015_02_00,nc53,2015,thin,0,0,thin,north cascades,boulder,2,0,thin,0,1,0,02year00,2,629,0,0,0,
nc53_2017_04_00,nc53,2017,thin_burn,0,0,thin_burn,north cascades,boulder,4,0,thin_burn,1,1,0,04post00,4,630,0,0,0,
nc53_2018_04_01,nc53,2018,thin_burn,1,1,thin_burn,north cascades,boulder,4,1,thin_burn,1,1,0,04year01,4,631,0,0,0,
nc53_2019_04_02,nc53,2019,thin_burn,2,2,thin_burn,north cascades,boulder,4,2,thin_burn,1,1,0,04year02,4,632,0,0,0,
nc54_2015_02_00,nc54,2015,thin,0,0,thin,north cascades,boulder,2,0,thin,0,1,0,02year00,2,633,0,0,0,
nc54_2017_04_00,nc54,2017,thin_burn,0,0,thin_burn,north cascades,boulder,4,0,thin_burn,1,1,0,04post00,4,634,0,0,0,
nc54_2018_04_01,nc54,2018,thin_burn,1,1,thin_burn,north cascades,boulder,4,1,thin_burn,1,1,0,04year01,4,635,0,0,0,
nc54_2019_04_02,nc54,2019,thin_burn,2,2,thin_burn,north cascades,boulder,4,2,thin_burn,1,1,0,04year02,4,636,0,0,0,
nc55_2015_02_00,nc55,2015,thin,0,0,thin,north cascades,boulder,2,0,thin,0,1,0,02year00,2,637,0,0,0,
nc55_2017_04_00,nc55,2017,thin_burn,0,0,thin_burn,north cascades,boulder,4,0,thin_burn,1,1,0,04post00,4,638,0,0,0,
nc55_2018_04_01,nc55,2018,thin_burn,1,1,thin_burn,north cascades,boulder,4,1,thin_burn,1,1,0,04year01,4,639,0,0,0,
nc55_2019_04_02,nc55,2019,thin_burn,2,2,thin_burn,north cascades,boulder,4,2,thin_burn,1,1,0,04year02,4,640,0,0,0,
nc56_2015_-1_-1,nc56,2015,pretreatment_current,-1,-1,pretreatment_current,north cascades,upper mcgregor,-1,-1,pretreatment_current,0,0,0,-1pre-1,-1,641,0,0,0,
nc56_2017_02_01,nc56,2017,thin,1,1,thin,north cascades,upper mcgregor,2,1,thin,0,1,0,02year01,2,642,0,0,0,
nc56_2018_03_00,nc56,2018,thin_pileburn,0,0,pileburn,north cascades,upper mcgregor,3,0,pileburn,0,0,1,03post00,3,643,0,1,0,thin and pileburn weren't differentiated
nc56_2020_03_02,nc56,2020,thin_pileburn,2,2,pileburn,north cascades,upper mcgregor,3,2,pileburn,0,0,1,03year02,3,644,0,1,0,thin and pileburn weren't differentiated
nc57_2016_-1_-1,nc57,2016,pretreatment_current,-1,-1,pretreatment_current,north cascades,upper mcgregor,-1,-1,pretreatment_current,0,0,0,-1pre-1,-1,645,0,0,0,
nc57_2017_02_01,nc57,2017,thin,1,1,thin,north cascades,upper mcgregor,2,1,thin,0,1,0,02year01,2,646,0,0,0,
nc57_2019_03_00,nc57,2019,thin_pileburn,0,0,pileburn,north cascades,upper mcgregor,3,0,pileburn,0,0,1,03post00,3,647,0,1,0,thin and pileburn weren't differentiated
nc57_2020_03_02,nc57,2020,thin_pileburn,1,2,pileburn,north cascades,upper mcgregor,3,2,pileburn,0,0,1,03year02,3,648,0,1,0,years given as two but logically it's one
nc58_2016_-1_-1,nc58,2016,pretreatment_current,-1,-1,pretreatment_current,north cascades,upper mcgregor,-1,-1,pretreatment_current,0,0,0,-1pre-1,-1,649,0,0,0,
nc58_2017_02_01,nc58,2017,thin,1,1,thin,north cascades,upper mcgregor,2,1,thin,0,1,0,02year01,2,650,0,0,0,
nc58_2018_03_00,nc58,2018,thin_pileburn,0,0,pileburn,north cascades,upper mcgregor,3,0,pileburn,0,0,1,03post00,3,651,0,1,0,thin and pileburn weren't differentiated
nc58_2019_03_02,nc58,2019,thin_pileburn,1,2,pileburn,north cascades,upper mcgregor,3,2,pileburn,0,0,1,03year02,3,652,1,1,0,year given as two but logically it's one
nc59_2018_-1_-1,nc59,2018,pretreatment_current,-1,-1,pretreatment_current,north cascades,lower mcgregor,-1,-1,pretreatment_current,0,0,0,-1pre-1,-1,653,0,0,0,
nc60_2017_02_01,nc60,2017,thin,1,1,thin,north cascades,upper mcgregor,2,1,thin,0,1,0,02year01,2,654,0,0,0,
nc60_2019_03_00,nc60,2019,thin_pileburn,0,0,pileburn,north cascades,upper mcgregor,3,0,pileburn,0,0,1,03post00,3,655,0,1,0,year given as two but logically it's one
nc60_2020_03_02,nc60,2020,thin_pileburn,1,2,pileburn,north cascades,upper mcgregor,3,2,pileburn,0,0,1,03year02,3,656,1,1,0,year given as two but logically it's one
nc61_2018_-2_-2,nc61,2018,pretreatment_early,-2,-2,pretreatment_early,north cascades,lower mcgregor,-2,-2,pretreatment_early,0,0,0,-2pre-2,-2,657,0,0,0,
nc62_2018_-1_-1,nc62,2018,pretreatment_current,-1,-1,pretreatment_current,north cascades,lower mcgregor,-1,-1,pretreatment_current,0,0,0,-1pre-1,-1,658,0,0,0,
