"plot_visit","one_hour","ten_hour","hundred_hour","fwd","thousand_sound","thousand_rotten","one_to_thousand","duff","litter","total","region"
"nc01_1996_-2_-2",0.5,0.9,0,1.4,0,0,1.4,12.4,10.6,24.4,"North Cascades"
"nc01_2000_-1_-1",0.9,2.7,2.6,6.3,15.2,0,21.5,27.4,2.8,51.7,"North Cascades"
"nc01_2001_02_01",0.9,2,2.6,5.5,16.8,0,22.2,53,6.1,81.3,"North Cascades"
"nc01_2002_04_00",0.6,1.2,0,1.7,1.5,0,3.3,31.1,3.4,37.7,"North Cascades"
"nc01_2003_04_01",0.4,1.6,0.6,2.7,15.8,0,18.5,24.6,5.3,48.4,"North Cascades"
"nc01_2004_04_02",0.5,1.2,1.3,3,12.2,0,15.2,8.7,10.1,34,"North Cascades"
"nc01_2007_04_05",0.5,1.3,1.3,3.1,10.6,1.2,15,8,6.9,30,"North Cascades"
"nc01_2018_05_00",0.9,2.6,1.3,4.8,0.5,2.5,7.8,10.1,8,25.8,"North Cascades"
"nc01_2020_05_02",0.5,1.7,1.3,3.6,4.2,3.4,11.1,14.9,7.5,33.5,"North Cascades"
"nc01_2017_04_15",0.5,1.2,1.9,3.5,0.3,10.8,14.7,11.7,4.4,30.7,"North Cascades"
"nc01_2012_04_10",0.7,2.2,2.6,5.5,2.4,14.4,22.3,14.3,6.9,43.5,"North Cascades"
"nc02_1996_-2_-2",0.2,0.4,0,0.6,3.3,0.7,4.7,17.3,12,34,"North Cascades"
"nc02_2000_-1_-1",0.2,0.7,0,0.9,13.5,0.2,14.6,21.2,3.8,39.6,"North Cascades"
"nc02_2001_02_01",1.4,2.9,2.6,6.8,1.2,10.1,18,46.7,5.4,70.1,"North Cascades"
"nc02_2002_04_00",0.7,2,1.3,4,8.9,0,12.9,32.6,5.5,51,"North Cascades"
"nc02_2004_04_02",0.4,1,1.3,2.7,10.8,0.6,14.1,12.4,11.4,37.9,"North Cascades"
"nc02_2018_05_00",1,2.7,1.9,5.7,7.7,4.3,17.6,13.3,8.4,39.3,"North Cascades"
"nc02_2020_05_02",0.4,1.6,2.6,4.5,6.2,4,14.6,15.3,11.7,41.6,"North Cascades"
"nc02_2007_04_15",0.4,2,2.6,5,10.5,2.8,18.3,14.6,7.1,40.1,"North Cascades"
"nc02_2003_04_10",0.5,2.7,3.9,7.1,19.1,4.5,30.8,20.3,9,60.1,"North Cascades"
"nc02_2012_04_10",0.5,2.7,3.9,7.1,19.1,4.5,30.8,20.3,9,60.1,"North Cascades"
"nc02_2003_04_10",0.4,1.4,1.3,3.1,8.2,0,11.4,23.7,5.1,40.2,"North Cascades"
"nc02_2012_04_10",0.4,1.4,1.3,3.1,8.2,0,11.4,23.7,5.1,40.2,"North Cascades"
"nc02_2017_04_20",0.7,1.6,1.3,3.6,0,21.7,25.3,16.2,5.3,46.7,"North Cascades"
"nc04_1997_-1_-1",1.5,5.3,1.9,8.8,4.3,8,21,38.4,15.6,75.1,"North Cascades"
"nc04_1997_01_00",0.9,2.7,3.9,7.5,3.8,0,11.2,10.7,10.8,32.8,"North Cascades"
"nc04_1999_01_02",1,4.5,0.6,6.1,2.6,1,9.7,15,11.1,35.8,"North Cascades"
"nc04_1998_01_06",0.9,3.6,2.6,7.1,4.5,0,11.7,6.7,8.3,26.6,"North Cascades"
"nc04_2002_04_05",1.7,3.5,0,5.1,19,0.2,24.4,29.1,7.4,61,"North Cascades"
"nc04_2003_05_00",0.6,3.6,0.6,4.9,14.1,0,19,21.9,3.5,44.3,"North Cascades"
"nc04_2004_05_01",0.8,2.9,1.3,5,20.9,0,25.8,11,10.2,47,"North Cascades"
"nc04_2005_05_02",0.7,3,1.3,5,23.5,0,28.5,5.7,9.1,43.3,"North Cascades"
"nc04_2008_05_05",1.2,2.7,10.3,14.2,25.1,1.3,40.6,10.7,8,59.3,"North Cascades"
"nc04_2013_05_10",0.8,4.2,5.8,10.8,40.6,7.3,58.7,6.6,9.8,75.1,"North Cascades"
"nc04_2018_05_15",0.6,3,2.6,6.2,25,15.2,46.4,5.1,7.7,59.2,"North Cascades"
"nc05_1997_-1_-1",0.9,2.6,2.6,6.1,1.1,2.9,10.2,26.8,13.3,50.3,"North Cascades"
"nc05_1997_01_00",1.3,3.2,1.3,5.8,0.8,0,6.6,20,10.8,37.5,"North Cascades"
"nc05_1998_01_01",0.8,2.2,2.6,5.5,2.7,0,8.2,19.5,9.8,37.4,"North Cascades"
"nc05_1999_01_02",1.1,2.5,2.6,6.2,2.1,0,8.3,23.6,10.4,42.3,"North Cascades"
"nc05_2002_02_01",1.4,4.5,3.9,9.8,4,0,13.7,36.1,7.5,57.4,"North Cascades"
"nc05_2002_04_05",1.4,4.5,3.9,9.8,4,0,13.7,36.1,7.5,57.4,"North Cascades"
"nc05_2003_05_00",0.7,3,0,3.8,4.1,0,7.9,26.9,3.7,38.5,"North Cascades"
"nc05_2004_05_01",0.7,3.2,3.9,7.8,1.2,0,9,24.1,4.7,37.9,"North Cascades"
"nc05_2005_05_02",0.8,3.8,2.6,7.2,5.4,0,12.6,12,13.5,38.1,"North Cascades"
"nc05_2008_05_05",1.7,5.2,5.8,12.7,3.8,0,16.5,7.9,10.9,35.2,"North Cascades"
"nc05_2013_05_10",1.2,6.9,7.1,15.2,15.4,1.7,32.3,4.6,8.5,45.5,"North Cascades"
"nc05_2018_05_15",0.7,5.5,6.4,12.7,16.8,0,29.5,19.4,13,61.9,"North Cascades"
"nc06_1996_-1_-1",0.4,1.4,1.3,3.1,3,2.3,8.4,31.3,16.2,55.8,"North Cascades"
"nc06_1996_01_00",0.8,1.7,0,2.5,0.3,0,2.8,38.6,62.4,103.8,"North Cascades"
"nc06_1997_01_01",0.5,0.9,0,1.4,0.2,0,1.6,22.5,12.9,37,"North Cascades"
"nc06_1998_01_02",0.7,0.9,7.7,9.3,0.4,0,9.6,18.1,14.1,41.8,"North Cascades"
"nc06_2002_01_05",0.7,1.6,0,2.3,3.2,0,5.5,51.7,14.6,71.8,"North Cascades"
"nc06_2002_01_06",0.7,1.6,0,2.3,3.2,0,5.5,51.7,14.6,71.8,"North Cascades"
"nc06_2007_02_01",0.6,1.2,0,1.7,4.5,0.4,6.6,15.5,10.3,32.4,"North Cascades"
"nc06_2011_04_15",0.6,1,0,1.6,7.8,2.6,12,14.9,9,35.9,"North Cascades"
"nc06_2016_04_20",0.4,2,1.3,3.7,1.8,9.8,15.3,14.4,10.3,40.1,"North Cascades"
"nc07_1996_-1_-1",0.6,0.9,1.9,3.4,17.4,20.2,41,47.7,26.1,114.9,"North Cascades"
"nc07_1996_01_00",0.6,0.7,0.6,2,16.3,0,18.2,20.3,9.2,47.8,"North Cascades"
"nc07_1997_01_01",0.8,0.7,0,1.5,15.1,0,16.5,11.3,8.6,36.5,"North Cascades"
"nc07_1998_01_02",0.7,1,0,1.7,28.4,0,30.1,13.3,9.4,52.8,"North Cascades"
"nc07_2002_01_05",0.7,1.2,0,1.9,16.3,0.3,18.5,38.9,6.7,64,"North Cascades"
"nc07_2002_01_06",0.7,1.2,0,1.9,16.3,0.3,18.5,38.9,6.7,64,"North Cascades"
"nc07_2007_02_01",0.8,0.9,0,1.6,9.6,7.7,18.9,15.1,6.6,40.5,"North Cascades"
"nc07_2011_04_15",1.2,1.2,0,2.4,17.1,9.9,29.4,18.5,16.1,64,"North Cascades"
"nc07_2016_04_20",0.7,1.6,0,2.3,0.8,18.3,21.4,20.1,8.9,50.4,"North Cascades"
"nc08_1996_-1_-1",0.8,1.2,0.6,2.6,9,3.7,15.3,34,13.1,62.4,"North Cascades"
"nc08_1996_01_00",0.5,0.6,0,1.1,0,0,1.1,31.4,5,37.4,"North Cascades"
"nc08_1997_01_01",0.3,1.6,1.3,3.2,0,0,3.2,8.8,7.6,19.6,"North Cascades"
"nc08_1998_01_02",0.5,1.7,0,2.3,0,0,2.3,10.7,11.3,24.3,"North Cascades"
"nc08_2002_01_05",0.8,2,0,2.9,1.3,0.3,4.5,32.4,7.6,44.5,"North Cascades"
"nc08_2002_01_06",0.8,2,0,2.9,1.3,0.3,4.5,32.4,7.6,44.5,"North Cascades"
"nc08_2007_02_01",0.7,1.3,1.9,3.9,5.8,0,9.7,10.4,10.6,30.7,"North Cascades"
"nc08_2011_04_15",0.8,1.7,1.3,3.8,4.8,1.4,10,13.5,10.1,33.5,"North Cascades"
"nc08_2016_04_20",0.6,1.3,0.6,2.5,3.1,0.8,6.4,17.7,10.1,34.2,"North Cascades"
"nc09_1997_-2_-2",1.2,0.9,1.3,3.3,7.6,9.4,20.3,25,10.1,55.3,"North Cascades"
"nc09_2000_-1_-1",1.5,2.6,4.5,8.6,7.2,13.5,29.4,63.4,9.1,101.9,"North Cascades"
"nc09_2002_02_01",1.1,0.6,0.6,2.3,3.9,15.6,21.9,36.5,10,68.4,"North Cascades"
"nc09_2005_04_00",0.6,0.4,0,1,12.6,0,13.6,9.1,8.7,31.5,"North Cascades"
"nc09_2006_04_01",1.8,0.7,0,2.5,16.5,0,19.1,16.1,13.3,48.5,"North Cascades"
"nc09_2007_04_02",0.9,0.7,0,1.6,2.2,7.2,11,13.9,7,31.8,"North Cascades"
"nc09_2010_04_05",0.9,0.9,0.6,2.5,25.2,0,27.7,16.6,2.9,47.2,"North Cascades"
"nc09_2020_04_15",0.9,0.4,0,1.3,0,12.7,14.1,16.9,9.3,40.3,"North Cascades"
"nc09_2015_04_10",0.5,1.3,1.9,3.7,0,3.5,7.2,2.5,14.8,24.6,"North Cascades"
"nc10_1997_-2_-2",1.1,3,1.3,5.4,0.6,0,6,41.5,16.9,64.5,"North Cascades"
"nc10_2000_-1_-1",0.9,4.2,3.2,8.4,2.1,0.8,11.3,70.3,1.7,83.4,"North Cascades"
"nc10_2002_02_01",1.2,2.7,2.6,6.5,8.9,0.4,15.8,43.8,9,68.6,"North Cascades"
"nc10_2003_04_00",0.6,1.7,3.2,5.6,9.2,0,14.8,35.8,5,55.6,"North Cascades"
"nc10_2004_04_01",1.1,2.6,0.6,4.4,7.6,0,12,26,15,53,"North Cascades"
"nc10_2005_04_02",0.8,1.7,4.5,7,10.3,0,17.4,13.6,15.3,46.2,"North Cascades"
"nc10_2008_04_05",0.9,4.2,2.6,7.7,0.5,0,8.2,14.6,16.4,39.2,"North Cascades"
"nc10_2018_04_15",1.2,4.2,4.5,9.9,0.8,0.3,11,21.7,13.4,46.1,"North Cascades"
"nc10_2013_04_10",0.8,3.9,4.5,9.2,0.6,0.2,10.1,19.9,10.6,40.5,"North Cascades"
"nc11_1997_-2_-2",0.7,1.9,4.5,7.1,4.1,1.6,12.7,68.8,10.9,92.5,"North Cascades"
"nc11_2000_-1_-1",1.5,3.9,5.1,10.5,1.1,10.9,22.5,49.1,8.1,79.8,"North Cascades"
"nc11_2002_02_01",0.9,3.3,3.9,8.1,19,4.4,31.5,36.4,9.4,77.3,"North Cascades"
"nc11_2003_04_00",0.4,1.3,3.2,4.9,16.1,1.7,22.7,17.8,2.3,42.8,"North Cascades"
"nc11_2004_04_01",0.6,2.6,5.1,8.3,19.7,13.1,41,16.3,9.6,66.9,"North Cascades"
"nc11_2005_04_02",0.5,2.5,4.5,7.4,20.1,15.4,42.9,5.8,6.5,55.2,"North Cascades"
"nc11_2008_04_05",0.8,1.6,5.8,8.2,21.6,16.1,45.9,14.6,10.2,70.7,"North Cascades"
"nc11_2018_04_15",0.4,2.9,2.6,5.9,13.9,8.1,27.9,9.5,7.4,44.8,"North Cascades"
"nc11_2013_04_10",0.6,3.8,4.5,8.9,5.5,21.9,36.2,14.9,9.1,60.2,"North Cascades"
"nc12_1997_-2_-2",0.2,1.6,0,1.7,0,0,1.7,23.3,6.9,32,"North Cascades"
"nc12_2000_-1_-1",0.7,1.9,0,2.5,0.2,5.6,8.4,50.5,6.1,65.1,"North Cascades"
"nc12_2008_02_02",0.4,1.7,0,2.2,4.8,5.3,12.3,23.5,8.4,44.2,"North Cascades"
"nc12_2002_02_01",0.6,3,0,3.7,3.5,3.2,10.4,28.1,6.6,45.1,"North Cascades"
"nc12_2007_02_05",0.4,1.7,1.3,3.4,2.1,7.2,12.7,13,6.9,32.7,"North Cascades"
"nc14_1998_-1_-1",1.6,3,1.9,6.6,2,0,8.5,16.2,9,33.7,"North Cascades"
"nc14_2002_02_01",2.3,4.5,3.2,10,9.5,0.8,20.3,31.8,6.8,58.8,"North Cascades"
"nc14_2003_04_00",0.7,3.6,1.9,6.2,13.7,0,20,16.8,3.1,39.9,"North Cascades"
"nc14_2004_04_01",1.3,8.7,3.2,13.2,11,0,24.2,15.3,6.8,46.4,"North Cascades"
"nc14_2005_04_02",1.4,3.8,1.9,7.1,10.1,0,17.2,8.8,7,33,"North Cascades"
"nc14_2008_04_05",1.2,2.2,11.6,15,16.5,0.5,32,6.6,5.7,44.4,"North Cascades"
"nc14_2018_04_15",1.1,4.2,4.5,9.8,4.3,6.6,20.8,12.7,12,45.4,"North Cascades"
"nc14_2013_04_10",0.9,4.6,4.5,10,15.9,0.7,26.6,14.8,5.7,47.1,"North Cascades"
"nc16_2001_-1_-1",0.9,1.9,3.2,6,31.2,4.3,41.5,53.6,10.7,105.8,"North Cascades"
"nc16_2002_02_01",0.7,1.9,4.5,7.1,43.6,0.3,50.9,24.6,10.4,86,"North Cascades"
"nc16_NA_04_rn",0.2,1.6,3.2,5.1,26.7,0,31.8,10,11.7,53.5,"North Cascades"
"nc17_1998_-1_-1",1,3.5,5.8,10.2,0.4,3.8,14.4,16.1,13.1,43.6,"North Cascades"
"nc17_2001_02_01",0.8,4,3.9,8.7,2.6,2.3,13.5,62.4,9.3,85.2,"North Cascades"
"nc17_2002_04_00",0.2,1.7,3.2,5.2,1.7,2.7,9.6,34.9,4.5,49,"North Cascades"
"nc17_2003_04_01",0.3,2.9,3.9,7,5.7,0,12.7,29.8,6.9,49.4,"North Cascades"
"nc17_2004_04_02",0.3,3.6,5.8,9.7,4.2,3.2,17.2,13.1,8.9,39.2,"North Cascades"
"nc17_2007_04_05",0.2,1.2,5.1,6.5,6.1,3.4,16,12.9,10.4,39.3,"North Cascades"
"nc17_2018_05_00",0.5,1.3,2.6,4.3,22.6,0,26.9,9.3,6.8,43,"North Cascades"
"nc17_2020_05_02",0.5,1.2,3.9,5.5,25.9,0.7,32.1,12.2,6.9,51.3,"North Cascades"
"nc17_2017_04_15",0.3,3.5,4.5,8.3,0.5,3.8,12.6,13.5,13.2,39.3,"North Cascades"
"nc17_2012_04_10",0.4,2.5,3.9,6.7,2,2.4,11.1,21.7,9.6,42.4,"North Cascades"
"nc19_1997_-1_-1",1.2,2.2,1.3,4.7,7.5,2.8,14.9,32.8,12.6,60.3,"North Cascades"
"nc19_2002_02_01",1.9,2.3,0.6,4.9,13.9,11.6,30.4,39,8.6,78.1,"North Cascades"
"nc19_2003_04_00",0.5,1.2,0.6,2.3,14.1,3.2,19.6,31.3,3.9,54.8,"North Cascades"
"nc19_2004_04_01",1,2.2,1.9,5.1,9.3,4.7,19.1,19.1,10.4,48.5,"North Cascades"
"nc19_2005_04_02",0.9,1.4,0.6,3,6.7,2.8,12.5,8.1,7.6,28.3,"North Cascades"
"nc19_2008_04_05",1.4,1,0.6,3.1,12.8,3.6,19.5,8.9,20.4,48.7,"North Cascades"
"nc19_2018_05_00",1,1,0.6,2.6,13.1,0.6,16.4,12.1,9.9,38.4,"North Cascades"
"nc19_2020_05_02",0.8,1.4,1.3,3.5,3.7,14.4,21.6,27.7,8.8,58.1,"North Cascades"
"nc19_2018_04_15",1.4,2,0.6,4.1,31.5,2.7,38.3,3.6,7.1,48.9,"North Cascades"
"nc19_2013_04_10",0.8,2.2,1.3,4.2,8.6,5.3,18.2,6.1,8.9,33.2,"North Cascades"
"nc21_1996_-1_-1",0.7,1,1.3,3,0.6,13.1,16.8,42.4,8,67.2,"North Cascades"
"nc21_1997_01_00",0.4,1,4,5.4,9.8,1.7,17,42.1,10.5,69.6,"North Cascades"
"nc21_1998_01_01",0.5,1.5,2.7,4.7,9,5.6,19.3,17.7,8.3,45.3,"North Cascades"
"nc21_1999_01_02",0.7,1.3,4,6,5.3,2.4,13.8,21.6,7.1,42.5,"North Cascades"
"nc21_2002_01_05",1.8,2.1,1.3,5.2,27.6,0,32.9,24.6,4.7,62.1,"North Cascades"
"nc21_2003_02_01",0.5,2.2,2,4.7,3.8,0,8.5,33.3,5.3,47.2,"North Cascades"
"nc21_2004_05_00",0.6,1.2,2.7,4.5,7.6,0,12.1,30.4,1.6,44.1,"North Cascades"
"nc21_2005_05_01",1,2.8,1.3,5.2,16.9,0,22,12.7,13.5,48.2,"North Cascades"
"nc21_2006_05_02",1,3.1,1.3,5.4,13.3,0,18.7,28.4,11.1,58.2,"North Cascades"
"nc21_2009_05_05",0.9,2.8,6,9.7,25.1,0,34.8,34.9,18,87.7,"North Cascades"
"nc21_2014_05_10",0.6,3.2,6.6,10.4,5.2,10.3,25.9,25.4,10,61.3,"North Cascades"
"nc21_2019_05_15",0.4,1.2,3.3,4.9,6.2,7.3,18.4,9,6.9,34.3,"North Cascades"
"nc22_1996_-1_-1",0.7,2.3,0.6,3.6,1,6,10.6,59.2,13.1,82.9,"North Cascades"
"nc22_1997_01_00",0.4,1.9,0.6,2.9,29.7,0,32.7,14.8,6.8,54.3,"North Cascades"
"nc22_1998_01_01",0.4,0.9,0,1.2,23.8,2,27.1,13.8,6.9,47.7,"North Cascades"
"nc22_1999_01_02",0.6,2.5,0,3.1,31,0.4,34.5,23.8,7.2,65.5,"North Cascades"
"nc22_2002_01_05",1,1.6,0,2.6,26,2.2,30.8,39.8,4.6,75.1,"North Cascades"
"nc22_2020_02_02",1.3,2.9,3.9,8.1,1.9,15.7,25.7,28,23,76.7,"North Cascades"
"nc22_2003_02_01",0.6,3.2,3.2,7,33.6,0,40.6,26,4.7,71.4,"North Cascades"
"nc22_2004_05_00",0.6,3.5,4.5,8.6,18,0,26.6,21,2,49.7,"North Cascades"
"nc22_2005_05_01",0.8,2.6,4.5,7.9,26.6,0.9,35.3,16.6,8.8,60.7,"North Cascades"
"nc22_2006_05_02",1.2,3.6,3.9,8.7,39.8,0,48.5,27.7,8.9,85.1,"North Cascades"
"nc22_2009_05_05",0.5,3.2,4.5,8.1,36.9,2,47,20.8,16.8,84.6,"North Cascades"
"nc22_2014_05_10",0.8,2.5,3.2,6.5,12.3,21.8,40.6,11.3,9,61,"North Cascades"
"nc22_2019_05_15",0.8,3.2,2.6,6.5,6.6,31.2,44.3,25.5,10.4,80.2,"North Cascades"
"nc23_1996_-1_-1",0.9,4.2,0.6,5.8,0.6,11,17.4,38.2,21.2,76.7,"North Cascades"
"nc23_1997_01_00",0,0.6,3.2,3.8,34.9,0,38.7,8.9,7.8,55.5,"North Cascades"
"nc23_1998_01_01",0.2,1.6,1.3,3.1,57.6,0,60.7,10.7,15.2,86.5,"North Cascades"
"nc23_1999_01_02",0.1,2.5,5.2,7.7,29.1,18.6,55.4,10.3,9.9,75.6,"North Cascades"
"nc23_2002_01_05",0.2,2,1.9,4.1,88.1,0.4,92.7,33.8,9.4,135.9,"North Cascades"
"nc23_2003_02_01",0.1,2.8,2.6,5.5,69.9,0,75.4,23.6,8.9,107.9,"North Cascades"
"nc23_2004_05_00",0.2,2.3,0.6,3.2,39.2,0,42.3,10.2,3.6,56.1,"North Cascades"
"nc23_2005_05_01",0.2,1.6,0,1.8,26,0,27.8,4.2,8.2,40.1,"North Cascades"
"nc23_2006_05_02",0.4,4.2,0,4.6,48.5,1.1,54.2,7.9,5.2,67.3,"North Cascades"
"nc23_2009_05_05",0.2,3.8,1.9,5.9,31.8,0.4,38.1,15.1,6.1,59.4,"North Cascades"
"nc23_2014_05_10",0.3,4.8,0.6,5.7,7,35.4,48.2,13.1,8.4,69.6,"North Cascades"
"nc23_2019_05_15",0.3,0.9,0,1.2,17.5,32.1,50.8,6.6,8,65.3,"North Cascades"
"nc24_1996_-1_-1",0.9,2.9,1.3,5.1,0,10.5,15.6,65.2,23.5,104.3,"North Cascades"
"nc24_1997_01_00",0.2,2.8,5.1,8.1,0,0,8.1,19.8,7.8,35.7,"North Cascades"
"nc24_1998_01_01",0.7,2,0,2.7,0.6,0,3.3,10.2,8.7,22.2,"North Cascades"
"nc24_1999_01_02",0.7,2.3,0,3.1,1.3,0.9,5.3,13.8,7.1,26.2,"North Cascades"
"nc24_2002_01_05",1,2.9,0,3.9,2.5,0.3,6.7,16.8,7.7,31.2,"North Cascades"
"nc24_2003_02_01",1,3,0.6,4.7,30.6,0,35.3,27.1,6.4,68.8,"North Cascades"
"nc24_2004_05_00",0.7,1.7,1.3,3.7,21.6,0.2,25.5,24.9,1.7,52.1,"North Cascades"
"nc24_2005_05_01",1.1,2.2,1.9,5.2,18.7,0.6,24.6,15.9,6,46.4,"North Cascades"
"nc24_2006_05_02",1.7,3.2,0,4.9,18.9,0,23.8,15.1,11.1,50,"North Cascades"
"nc24_2009_05_05",1.1,5.9,1.3,8.3,34.4,0.2,43,19.9,11,74,"North Cascades"
"nc24_2014_05_10",0.6,3.5,0,4.1,35.6,0.3,40,12.7,10.4,63,"North Cascades"
"nc24_2019_05_15",1,3,1.3,5.3,1.7,34.1,41.1,16.6,10.1,67.8,"North Cascades"
"nc25_1996_-1_-1",1.8,3,4.5,9.4,6.7,0.4,16.5,47.4,3.6,67.4,"North Cascades"
"nc25_1999_01_00",0.8,1.5,1.9,4.2,5.8,4.6,14.5,23.6,13.8,52,"North Cascades"
"nc25_2000_01_01",1,1.3,2.6,4.9,6.7,1.1,12.7,35.9,4.6,53.2,"North Cascades"
"nc25_2001_01_02",1,1.2,1.9,4.1,7.7,1.1,12.9,56.5,8.3,77.7,"North Cascades"
"nc25_2008_02_02",1.4,2.9,0.6,4.9,4.9,2.9,12.7,17,18.2,47.9,"North Cascades"
"nc25_2005_05_00",1,2.5,1.9,5.3,4.6,3.4,13.4,14.3,8.7,36.4,"North Cascades"
"nc25_2006_05_01",2,1.4,0.6,4.1,10.6,0,14.7,19.7,18.7,53.1,"North Cascades"
"nc25_2007_05_02",1,2.5,0.6,4.1,12.1,2.5,18.7,13.8,9.2,41.8,"North Cascades"
"nc25_2011_09_01",1.6,5.2,0,6.8,6,0,12.8,10.5,11.1,34.4,"North Cascades"
"nc25_2010_08_05",1.5,2.5,3.9,7.8,4.3,3.8,15.9,28.3,11.3,55.5,"North Cascades"
"nc25_2010_09_00",1,2.2,3.2,6.4,8.9,2.6,17.9,20.4,11.2,49.6,"North Cascades"
"nc25_2015_09_05",1.1,2.9,1.3,5.3,4.8,2.5,12.6,10.3,17.3,40.1,"North Cascades"
"nc25_2012_09_02",1.2,1.7,1.3,4.2,5.4,0.6,10.2,2.5,3.4,16.1,"North Cascades"
"nc25_2020_09_10",1.2,3.6,5.8,10.6,4.9,8.9,24.4,21,18.6,64.1,"North Cascades"
"nc28_1996_-1_-1",1.3,3.6,0.6,5.5,0,5.2,10.7,44.1,10.6,65.4,"North Cascades"
"nc28_1996_01_00",0.7,1.2,0,1.9,0,3.4,5.2,28.7,7,40.9,"North Cascades"
"nc28_1997_01_01",0.4,2.3,0.6,3.3,2.3,2.3,8,10.5,4.2,22.6,"North Cascades"
"nc28_1998_01_02",0.9,2.5,0,3.3,2.6,0,5.9,8.6,10.3,24.8,"North Cascades"
"nc28_2002_01_06",1.3,3.3,0.6,5.2,5.3,0.9,11.4,25.9,7.2,44.5,"North Cascades"
"nc28_2007_02_01",0.6,3.8,3.2,7.6,16,2.2,25.8,19.6,6.2,51.6,"North Cascades"
"nc28_2011_04_15",0.5,3.2,4.5,8.1,20.6,8,36.8,10.8,13.7,61.3,"North Cascades"
"nc28_2016_04_20",0.2,3.2,7.7,11.1,23.8,32.2,67.1,9.2,7.7,84,"North Cascades"
"nc30_1996_-1_-1",0.6,1.4,0.6,2.7,11.3,7.7,21.7,43.1,17.9,82.7,"North Cascades"
"nc30_1997_01_00",0.4,2.5,0.6,3.5,0,22.3,25.8,9.3,2.6,37.7,"North Cascades"
"nc30_1998_01_01",0.6,1.9,0.6,3.1,20.4,0,23.6,10.7,8.9,43.1,"North Cascades"
"nc30_1999_01_02",0.9,2.3,1.3,4.5,22.9,0.5,28,12.8,12.2,53,"North Cascades"
"nc30_2002_01_05",0.7,1.7,0,2.5,27,0.2,29.7,21.5,8.3,59.4,"North Cascades"
"nc30_2003_02_01",1.4,6.5,3.9,11.8,21,0,32.7,19.3,10.3,62.3,"North Cascades"
"nc30_2004_05_00",0.6,2.3,1.3,4.2,19,0,23.1,17.6,3.1,43.9,"North Cascades"
"nc30_2005_05_01",0.7,0.7,2.6,4,22.4,0,26.4,15.3,9,50.7,"North Cascades"
"nc30_2006_05_02",1.2,1,3.2,5.4,23.3,0,28.8,13.2,11.7,53.6,"North Cascades"
"nc30_2009_05_05",0.8,2.3,2.6,5.6,14.3,7.4,27.3,9.1,5.8,42.2,"North Cascades"
"nc30_2014_05_10",0.7,2.3,1.3,4.3,7.2,12.9,24.4,8.1,7.6,40.1,"North Cascades"
"nc30_2019_05_15",0.9,2.5,1.3,4.6,10,25.4,40,10.7,11,61.7,"North Cascades"
"nc31_1997_-1_-1",1.4,2.2,0.6,4.3,1,0.2,5.5,11.1,12.5,29.1,"North Cascades"
"nc31_1997_01_00",0.7,1.5,0.6,2.8,8.8,0,11.6,15.2,10.5,37.3,"North Cascades"
"nc31_1998_01_01",0.5,0.6,0,1.1,10.7,0,11.7,11.8,7.8,31.4,"North Cascades"
"nc31_1999_01_02",0.9,1.3,0,2.2,12.2,0.7,15,12.1,10.2,37.3,"North Cascades"
"nc31_2002_01_05",0.6,0.6,0,1.2,9.3,0,10.5,13.8,8.5,32.9,"North Cascades"
"nc31_2003_02_01",0.7,2.8,0.6,4.1,14.7,0,18.9,19.3,7.7,45.8,"North Cascades"
"nc31_2004_05_00",0.8,3.3,0.6,4.8,17.4,0,22.2,16.7,3.1,42,"North Cascades"
"nc31_2005_05_01",0.8,2,0.6,3.5,13.3,0.3,17.1,7.4,11,35.4,"North Cascades"
"nc31_2006_05_02",0.9,1.7,1.3,3.9,12.5,0.3,16.7,11.2,8,35.9,"North Cascades"
"nc31_2009_05_05",0.8,1.9,2.6,5.3,13,0,18.3,16.3,8.9,43.5,"North Cascades"
"nc31_2014_05_10",0.6,3.2,29,32.8,9.8,0.4,43,10.6,9.5,63.1,"North Cascades"
"nc31_2019_05_15",0.6,2.6,1.9,5.2,2.9,13.5,21.5,9.3,10.4,41.2,"North Cascades"
"nc35_1997_-2_-2",0.4,9.4,0.6,10.5,3,0.6,14.1,50.5,10.8,75.4,"North Cascades"
"nc35_2002_-1_-1",1.3,5.3,0,6.7,2.4,0.9,10,52.9,9.4,72.2,"North Cascades"
"nc35_2020_02_02",0.4,4.8,0.6,5.8,11.7,24.7,42.2,23.6,13.7,79.5,"North Cascades"
"nc35_2003_02_01",1.5,9.7,3.9,15.1,13.8,0.9,29.8,43.6,16.3,89.6,"North Cascades"
"nc35_2004_04_00",0.2,5.5,1.9,7.6,15,0,22.6,23.2,2.1,48,"North Cascades"
"nc35_2005_04_01",0.6,5.2,1.3,7.1,15.2,0,22.3,7.5,10,39.8,"North Cascades"
"nc35_2006_04_02",1.2,5.3,3.9,10.4,14.4,0.7,25.5,16.5,10,52,"North Cascades"
"nc35_2009_04_05",0.7,5.6,4.5,10.8,15.4,0,26.2,22.8,15.4,64.4,"North Cascades"
"nc35_2019_04_15",0.5,3.3,3.2,7,6.7,21.4,35.1,10.1,13.4,58.6,"North Cascades"
"nc35_2014_04_10",0.7,4.8,4.5,9.9,23.8,0.3,34,11.7,9.2,55,"North Cascades"
"nc36_1997_-2_-2",0.7,1.2,0,1.9,0,0,1.9,32.2,9.3,43.4,"North Cascades"
"nc36_2002_-1_-1",1.3,0.6,0,1.9,0,0,1.9,32.5,8.3,42.7,"North Cascades"
"nc36_2020_02_02",1.2,3.2,1.9,6.4,13.4,16.2,36,16.2,8.7,60.8,"North Cascades"
"nc36_2003_02_01",1.6,3.5,4.5,9.6,9.4,0,19,15,8,41.9,"North Cascades"
"nc36_2004_04_00",0.6,2.3,0.6,3.6,9.4,0,13,23.7,4.3,41,"North Cascades"
"nc36_2005_04_01",0.9,1.9,0.6,3.5,10.4,0,13.8,7.2,8.9,29.9,"North Cascades"
"nc36_2006_04_02",2.3,3.8,0.6,6.7,9.5,0,16.2,13.8,15.6,45.7,"North Cascades"
"nc36_2009_04_05",1.7,3.3,1.3,6.4,15,0,21.3,29.7,10.9,62,"North Cascades"
"nc36_2019_04_15",1.2,3.9,1.3,6.4,5.9,25.2,37.5,20.3,11.6,69.4,"North Cascades"
"nc36_2014_04_10",1,3.8,0.6,5.4,11.1,2,18.4,17.7,7.7,43.9,"North Cascades"
"nc37_1997_-2_-2",1.7,2,5.2,8.8,7.5,0,16.4,50.9,16.7,84,"North Cascades"
"nc37_2002_-1_-1",1.6,1.4,1.9,5,0.2,0,5.2,54,11.2,70.4,"North Cascades"
"nc37_2020_02_02",2.1,3.3,3.3,8.7,6.5,7.5,22.7,25.1,13.6,61.4,"North Cascades"
"nc37_2003_02_01",2.8,2.6,2.6,7.9,5.8,0,13.7,37.4,16.4,67.5,"North Cascades"
"nc37_2004_04_00",0.2,0.6,0,0.8,6.6,0,7.3,21.4,4.8,33.5,"North Cascades"
"nc37_2005_04_01",1,1.4,1.3,3.8,8.1,0,11.8,12.1,11.4,35.4,"North Cascades"
"nc37_2006_04_02",1.8,0.3,1.9,4,6.1,1.4,11.6,18,15.8,45.3,"North Cascades"
"nc37_2009_04_05",2,11.9,4.5,18.3,7.6,0,26,25.3,19.6,70.8,"North Cascades"
"nc37_2019_04_15",1.4,3.2,1.9,6.5,13.7,7.2,27.4,20.5,13.1,61.1,"North Cascades"
"nc37_2014_04_10",0.8,5.4,1.9,8.1,11.9,0.7,20.8,13,15.3,49.1,"North Cascades"
"nc38_2001_-1_-1",1.3,7.5,6.4,15.2,9.8,2.6,27.6,84.1,15.2,126.9,"North Cascades"
"nc38_2008_02_02",1.5,11.4,34.1,47,24.3,6.1,77.4,37,26.2,140.5,"North Cascades"
"nc38_2002_02_01",1.5,10,5.2,16.7,15.8,9.6,42.1,59.4,7.8,109.2,"North Cascades"
"nc38_2005_04_00",0.5,8.4,7.7,16.6,17.7,0,34.3,30.6,24.2,89.1,"North Cascades"
"nc38_2007_04_02",1.3,8.4,9.7,19.3,14.5,5.1,39,38.5,14.6,92.1,"North Cascades"
"nc38_2011_08_01",0.2,0.6,4.5,5.3,30.3,4.9,40.6,11.1,8.7,60.4,"North Cascades"
"nc38_2010_07_05",2.1,8.5,29.6,40.2,28.3,7.3,75.8,43.1,14.6,133.5,"North Cascades"
"nc38_2015_08_05",0.9,2.6,3.9,7.4,10,14.5,31.9,9.4,15.2,56.4,"North Cascades"
"nc38_2010_08_00",0.4,0.4,3.9,4.7,19,5.3,29,13.4,8.6,50.9,"North Cascades"
"nc38_2012_08_02",0.2,2.2,1.9,4.3,15.9,3.2,23.4,4.9,5.7,34,"North Cascades"
"nc38_2020_08_10",1,2.2,8.4,11.5,12.6,19.8,43.9,21.1,32.8,97.8,"North Cascades"
"nc39_2005_-1_-1",0.7,5,0.6,6.3,6,1.8,14.1,34.6,19.8,68.5,"North Cascades"
"nc39_2005_02_01",2.5,10.3,4.5,17.4,22,2.2,41.6,26.1,18.8,86.5,"North Cascades"
"nc39_2007_02_03",1.4,5.1,2.6,9.1,26.6,91.2,126.9,36.4,25.3,188.6,"North Cascades"
"nc39_2007_04_00",0,0.1,0,0.2,10.9,2.6,13.7,11.8,6.2,31.7,"North Cascades"
"nc39_2008_04_01",0.5,1.7,0,2.2,19.9,0,22.2,7.2,8.7,38.1,"North Cascades"
"nc39_2009_04_02",0.6,1.6,0,2.2,16.5,0,18.7,3.6,7.1,29.3,"North Cascades"
"nc39_2012_04_05",0.7,2.8,1.3,4.8,14.5,0,19.2,3.6,4.6,27.4,"North Cascades"
"nc39_2017_04_10",1.1,2.6,0.6,4.3,10.1,17.7,32.2,3,9.1,44.3,"North Cascades"
"nc41_2005_-1_-1",0.7,1.9,0.6,3.2,2.7,14,19.9,3.9,4,27.8,"North Cascades"
"nc41_2006_02_01",2.9,7.4,2.6,12.8,14.2,27,54.1,13.4,23.1,90.5,"North Cascades"
"nc42_2005_-1_-1",0.3,1.3,0,1.6,0.5,0,2.2,140.1,11,153.3,"North Cascades"
"nc43_2005_-1_-1",0.6,6.6,1.3,8.5,11.5,4.8,24.8,55.9,24.7,105.4,"North Cascades"
"nc43_2006_02_01",0.9,5.9,7.1,13.9,35,0,48.9,28.7,29.6,107.2,"North Cascades"
"nc44_2005_-1_-1",0.5,3.6,1.3,5.4,16.6,5.2,27.2,22.4,20.7,70.3,"North Cascades"
"nc44_2008_02_02",0.5,1.8,2.6,4.8,18.3,9.4,32.5,35.4,19.5,87.4,"North Cascades"
"nc44_2005_02_01",0.5,3.6,1.3,5.4,16.6,5.2,27.2,22,20.8,70,"North Cascades"
"nc44_2005_04_00",0.3,1,1.9,3.2,13,6.3,22.5,22.9,8.9,54.3,"North Cascades"
"nc44_2006_04_01",0.5,2.2,1.9,4.6,15.4,22.2,42.2,28.7,12.3,83.2,"North Cascades"
"nc44_2007_04_02",0.8,0.3,2.6,3.7,22.5,10.4,36.6,25.8,4.4,66.8,"North Cascades"
"nc44_2010_07_05",2.3,4.1,13,19.4,17.9,3.5,40.8,32.4,12.7,86,"North Cascades"
"nc44_2015_07_10",3.1,15.2,13,31.3,10.9,14.4,56.5,13.1,21.9,91.5,"North Cascades"
"nc44_2020_07_15",3,15.2,10.4,28.6,12.6,15.5,56.7,37.1,20,113.8,"North Cascades"
"nc45_2005_-1_-1",0.8,3.5,1.9,6.2,2.8,5.2,14.2,45.5,27.2,86.9,"North Cascades"
"nc45_2006_02_01",1,3.8,1.9,6.7,10.8,0,17.5,45.8,34,97.3,"North Cascades"
"nc46_2005_-1_-1",1,2.5,3.2,6.7,4.9,0,11.6,41.9,21.6,75.2,"North Cascades"
"nc46_2006_02_01",1,2,5.1,8.2,7.9,0,16.1,48.6,30.8,95.4,"North Cascades"
"nc47_2007_-1_-1",0.7,2.9,4.5,8.1,5,7.5,20.5,32.9,23.7,77.1,"North Cascades"
"nc47_2007_04_00",0.3,1.9,2.3,4.5,2.5,0.4,7.3,30.1,5.8,43.2,"North Cascades"
"nc47_2008_04_01",0.4,2.5,1.9,4.7,2.4,1.4,8.6,23.1,9.2,40.9,"North Cascades"
"nc47_2009_04_02",0.3,2.6,0,2.9,0.7,0.3,3.8,5.7,8.4,17.8,"North Cascades"
"nc47_2012_04_05",0.4,1.9,0,2.3,1.5,0,3.8,2.9,3.3,10,"North Cascades"
"nc47_2017_04_10",0.9,7.2,1.9,10.1,9.3,6.5,25.9,13.2,8.4,47.5,"North Cascades"
"nc48_2007_-1_-1",1.5,9,11.6,22.1,25.3,1.5,48.9,54.3,24.6,127.7,"North Cascades"
"nc48_2007_04_00",0,1,3.9,4.9,34.6,0,39.5,1.4,0.8,41.6,"North Cascades"
"nc48_2008_04_01",0.3,0.1,0,0.4,41.2,0,41.6,0,6.5,48.1,"North Cascades"
"nc48_2009_04_02",0.4,0.6,0.6,1.6,26,0,27.6,6.5,11,45.2,"North Cascades"
"nc48_2012_04_05",0.4,2.6,2.6,5.6,19.5,0.2,25.2,3.8,3.5,32.5,"North Cascades"
"nc48_2017_04_10",0.3,2.2,0.6,3.1,17.9,27.1,48.1,7,4.4,59.6,"North Cascades"
"nc49_2012_-1_-1",0.8,3.8,5.1,9.7,1.2,6.3,17.2,32.2,12.9,62.3,"North Cascades"
"nc49_2017_02_01",1.2,4.8,6.4,12.4,17.6,4.4,34.3,32.6,14.1,81.1,"North Cascades"
"nc49_2018_03_00",1.3,2.9,3.2,7.4,18.1,0.6,26.1,21.5,16.5,64.1,"North Cascades"
"nc49_2019_03_02",1,3.2,4.5,8.7,21.9,3.7,34.2,33.6,15.9,83.7,"North Cascades"
"nc50_2012_-1_-1",1.3,6.2,3.9,11.4,0.3,16.5,28.2,50.6,14.9,93.7,"North Cascades"
"nc51_2012_-1_-1",1,1.2,1.9,4.1,3.6,5,12.7,22.7,12.5,47.8,"North Cascades"
"nc51_2017_02_01",2.6,8.9,3.9,15.4,8,4.2,27.7,22.4,12.9,63,"North Cascades"
"nc51_2019_03_00",2.1,9.9,5.2,17.1,0.4,5.7,23.2,26.4,16.8,66.4,"North Cascades"
"nc51_2020_03_02",2.3,4.4,3.9,10.6,3.1,1.9,15.6,35.4,15.5,66.5,"North Cascades"
"nc52_2017_04_00",0.6,0.7,0.6,1.9,6.6,0.3,8.8,5.2,8.1,22.2,"North Cascades"
"nc52_2018_04_01",0.6,1.4,0.6,2.7,8.9,0.3,12,2.2,6.4,20.6,"North Cascades"
"nc52_2019_04_02",0.6,1.3,1.9,3.8,0,1.9,5.7,7,8.1,20.8,"North Cascades"
"nc52_2015_02_00",1.8,5.4,2.6,9.7,5.5,5.5,20.7,16.8,15.8,53.2,"North Cascades"
"nc53_2017_04_00",0.1,0.7,0,0.8,1.3,1.8,3.9,2.7,4.8,11.4,"North Cascades"
"nc53_2018_04_01",0.5,1,0,1.5,2.8,0,4.3,0.5,4,8.8,"North Cascades"
"nc53_2019_04_02",0.8,1,0,1.8,0,3,4.8,11.4,8.4,24.7,"North Cascades"
"nc53_2015_02_00",2.9,9,4.5,16.4,9.1,4.9,30.4,23.5,17.1,71,"North Cascades"
"nc54_2017_04_00",0.6,1.4,1.3,3.3,0.8,3.1,7.2,11.7,7.5,26.4,"North Cascades"
"nc54_2018_04_01",0.6,1.2,0.6,2.4,0.3,3.2,6,6.6,7,19.6,"North Cascades"
"nc54_2019_04_02",0.5,2,1.3,3.8,3.5,1.1,8.3,10,9.2,27.5,"North Cascades"
"nc54_2015_02_00",1,2.6,0.6,4.3,0.3,5.5,10.1,10.6,16.1,36.7,"North Cascades"
"nc55_2017_04_00",0.7,4.6,1.3,6.6,2.7,0,9.3,10.6,8.1,28,"North Cascades"
"nc55_2018_04_01",0.6,3.9,3.2,7.8,2,0,9.7,3.1,6.1,18.9,"North Cascades"
"nc55_2019_04_02",0.8,3,3.9,7.7,1.6,0.4,9.6,9.9,6.6,26.1,"North Cascades"
"nc55_2015_02_00",1.6,6.9,7.1,15.7,6.9,15.7,38.2,23.4,10.5,72.1,"North Cascades"
"nc56_2015_-1_-1",1.2,6.2,9.7,17.1,38.6,9.7,65.3,35.5,16.5,117.4,"North Cascades"
"nc56_2017_02_01",0.9,5.6,4.5,11.1,46.8,21.7,79.6,38.8,17.6,136,"North Cascades"
"nc56_2018_03_00",1.1,5.5,12.3,18.9,63.9,11.7,94.4,35,12.8,142.2,"North Cascades"
"nc56_2020_03_02",1.2,6.2,8.4,15.9,50.2,19.4,85.5,37,17.4,139.9,"North Cascades"
"nc57_2016_-1_-1",1.3,5.8,2.6,9.7,3,57.3,70,36.5,15.6,122.2,"North Cascades"
"nc57_2017_02_01",1.8,10.6,6.5,18.9,21.1,8.5,48.5,35.2,15,98.8,"North Cascades"
"nc57_2019_03_00",1.2,7.3,7.1,15.6,3.1,22.4,41,32.4,19.7,93.2,"North Cascades"
"nc57_2020_03_02",0.9,5.8,16.2,22.9,15.7,4.9,43.4,37.5,18.2,99.1,"North Cascades"
"nc58_2016_-1_-1",0.3,2.8,1.3,4.3,5.8,78.4,88.5,54.2,11.2,153.9,"North Cascades"
"nc58_2017_02_01",0.4,5.2,1.3,6.9,14.1,49,69.9,38.2,15.5,123.7,"North Cascades"
"nc58_2018_03_00",0.5,3.8,1.9,6.2,34.6,37.8,78.7,15.2,18,111.8,"North Cascades"
"nc58_2019_03_02",0.4,3.9,2.6,6.9,6.1,51.1,64,47,24.2,135.2,"North Cascades"
"nc59_2018_-1_-1",1.4,4.5,13,18.9,4.1,7.2,30.2,57.7,14.6,102.5,"North Cascades"
"nc60_2017_02_01",0.9,2.9,1,4.9,15.5,7.1,27.4,46.8,14.4,88.6,"North Cascades"
"nc60_2019_03_00",1.4,1.5,1.1,4,38.4,13.9,56.3,47.5,23.2,127,"North Cascades"
"nc60_2020_03_02",1.1,2.8,1.5,5.3,38.5,13,56.8,47.1,20.8,124.7,"North Cascades"
"nc61_2018_-2_-2",0.6,5.9,7.2,13.7,11,15.4,40.1,15.8,12.3,68.3,"North Cascades"
"nc62_2018_-1_-1",1.7,3.9,0.6,6.3,0,1.4,7.7,34,23.6,65.3,"North Cascades"
"FPIPO1D10-01_NA_04_02",0.2,2.3,3.3,5.7,3,1.1,9.8,10.7,5.5,25.9,"Lake Roosevelt"
"FPIPO1D10-01_NA_02_01",0.3,5.8,2.4,8.5,7.8,2.4,18.8,68.8,2.8,90.4,"Lake Roosevelt"
"FPIPO1D10-01_NA_04_01",0,1.4,0.8,2.2,7.7,0,9.9,11.7,1.7,23.4,"Lake Roosevelt"
"FPIPO1D10-01_NA_-1_-1",0.2,2,1.6,3.8,0,2.3,6.1,59.7,6.2,72,"Lake Roosevelt"
"FPIPO1D10-01_NA_04_00",0,1.7,0.8,2.5,10,0,12.5,5,1.6,19.1,"Lake Roosevelt"
"FPIPO1D10-01_NA_04_05",0.4,3.9,3.3,7.6,14.7,0,22.2,7.9,2.3,32.4,"Lake Roosevelt"
"FPIPO1D10-01_NA_04_10",0.2,4.3,1.6,6.1,22,11.2,39.3,9.2,2.3,50.8,"Lake Roosevelt"
"FPIPO1D10-01_NA_05_00",0.2,1.4,1.6,3.1,15.5,4.2,22.8,10.9,2.7,36.3,"Lake Roosevelt"
"FPIPO1D10-02_NA_04_02",0.2,1.4,2.4,4,8,2.4,14.3,13.6,5.3,33.2,"Lake Roosevelt"
"FPIPO1D10-02_NA_02_01",0.2,5,3.3,8.5,14.2,1.5,24.1,45.3,3.2,72.6,"Lake Roosevelt"
"FPIPO1D10-02_NA_04_01",0,0.5,1.6,2.1,14.8,0,16.9,10.4,1.8,29,"Lake Roosevelt"
"FPIPO1D10-02_NA_-1_-1",0.2,3.8,3.3,7.2,1.9,1.5,10.6,49.5,5.8,65.9,"Lake Roosevelt"
"FPIPO1D10-02_NA_04_00",0.1,0.5,1.6,2.2,15,0,17.1,7.6,1.8,26.6,"Lake Roosevelt"
"FPIPO1D10-02_NA_04_05",0.4,6.1,3.3,9.7,35.1,0.8,45.6,14.6,2.5,62.7,"Lake Roosevelt"
"FPIPO1D10-02_NA_04_10",0.1,2.6,1.6,4.3,23,10.4,37.7,12.1,1.9,51.7,"Lake Roosevelt"
"FPIPO1D10-02_NA_05_00",0,0.8,3.3,4,7.8,4.2,16,11.9,1.7,29.6,"Lake Roosevelt"
"FPIPO1D10-03_NA_04_02",0.1,1.2,0,1.3,2.2,1.6,5.1,19.1,4.2,28.5,"Lake Roosevelt"
"FPIPO1D10-03_NA_02_01",0.1,4.1,1.6,5.8,14,1.3,21.1,56.9,1.9,79.9,"Lake Roosevelt"
"FPIPO1D10-03_NA_04_01",0,0.9,0,0.9,3.4,0,4.4,6.8,2,13.2,"Lake Roosevelt"
"FPIPO1D10-03_NA_-1_-1",0.1,3.6,3.3,7,4.6,2.9,14.5,52.9,4.3,71.6,"Lake Roosevelt"
"FPIPO1D10-03_NA_04_00",0.1,1.1,0.8,2,3.6,0,5.6,13.2,2.1,20.9,"Lake Roosevelt"
"FPIPO1D10-03_NA_04_05",0.1,1.4,0,1.4,34.7,0,36.1,9.1,5.3,50.5,"Lake Roosevelt"
"FPIPO1D10-03_NA_04_10",0.2,1.1,5.7,7,0,33.7,40.7,18.5,2.9,62.1,"Lake Roosevelt"
"FPIPO1D10-03_NA_04_15",0.2,2,1.6,3.8,10,17.9,31.6,5.8,5.3,42.8,"Lake Roosevelt"
"FPIPO1D10-04_NA_04_02",0.3,2.9,2.5,5.7,10.7,2.8,19.2,9.7,3.2,32.1,"Lake Roosevelt"
"FPIPO1D10-04_NA_02_01",0.1,8.4,8.2,16.8,25.4,6.8,48.9,58.8,2.7,110.4,"Lake Roosevelt"
"FPIPO1D10-04_NA_04_01",0,1.5,0,1.6,10.3,2.2,14.1,6.8,2,22.8,"Lake Roosevelt"
"FPIPO1D10-04_NA_-1_-1",0.1,5.7,7.4,13.1,17.6,2.1,32.9,59.6,4.1,96.6,"Lake Roosevelt"
"FPIPO1D10-04_NA_04_00",0,2.1,0.8,3,6.8,0,9.8,15.2,1.6,26.6,"Lake Roosevelt"
"FPIPO1D10-04_NA_04_05",0,2.9,3.3,6.2,19.6,0,25.8,8.4,4.4,38.6,"Lake Roosevelt"
"FPIPO1D10-04_NA_04_10",0.1,0.8,2.5,3.4,0.8,14.5,18.7,14.4,4,37.1,"Lake Roosevelt"
"FPIPO1D10-04_NA_04_15",0.8,1.4,0.8,3,8,10.8,21.8,8,6.7,36.5,"Lake Roosevelt"
"FPIPO1D10-05_NA_04_02",1.7,2.1,3.3,7.1,9.3,5.3,21.7,18.8,6.6,47.2,"Lake Roosevelt"
"FPIPO1D10-05_NA_02_01",0,3,6.5,9.6,30.7,2.2,42.5,59.7,3.1,105.3,"Lake Roosevelt"
"FPIPO1D10-05_NA_04_01",0.2,3.2,3.3,6.7,16.6,0,23.3,8.4,2.8,34.5,"Lake Roosevelt"
"FPIPO1D10-05_NA_-1_-1",0.2,4.1,9,13.3,9.6,9.4,32.2,62.9,3.7,98.8,"Lake Roosevelt"
"FPIPO1D10-05_NA_04_00",0.3,2.4,2.4,5.2,13.3,0,18.5,14.3,1.7,34.6,"Lake Roosevelt"
"FPIPO1D10-05_NA_04_05",0,2.4,4.1,6.5,22.8,1.5,30.8,21.6,4.4,56.8,"Lake Roosevelt"
"FPIPO1D10-05_NA_04_10",0.2,1.2,0,1.5,21.8,0,23.2,7.8,2.7,33.8,"Lake Roosevelt"
"FPIPO1D10-05_NA_04_15",0.1,0.5,0.8,1.3,1,14.7,17,5.9,6.1,29,"Lake Roosevelt"
"FPIPO1D10-06_NA_02_01",0.5,2.9,0.8,4.2,0.6,0,4.8,13.8,2.4,21,"Lake Roosevelt"
"FPIPO1D10-06_NA_-1_-1",0.7,1.1,0,1.8,0,1.9,3.7,66,4.9,74.6,"Lake Roosevelt"
"FPIPO1D10-06_NA_07_02",0.2,2.4,0,2.6,0,0,2.6,6.9,4.9,14.4,"Lake Roosevelt"
"FPIPO1D10-06_NA_07_00",0.3,2.3,0,2.6,0,0,2.6,3.1,1.4,7.1,"Lake Roosevelt"
"FPIPO1D10-06_NA_07_05",0.3,1.5,1.6,3.4,2.5,0,5.9,3,4.7,13.6,"Lake Roosevelt"
"FPIPO1D10-07_NA_-1_-1",0.3,2.7,0.8,3.8,0,0.6,4.4,64.8,3.5,72.8,"Lake Roosevelt"
"FPIPO1D10-07_NA_07_02",0.3,2.9,0,3.1,1.3,0,4.4,7.5,4.7,16.6,"Lake Roosevelt"
"FPIPO1D10-07_NA_02_02",0.4,5.3,5.7,11.4,0.4,0,11.8,8.6,2.2,22.6,"Lake Roosevelt"
"FPIPO1D10-07_NA_07_00",0.2,3.2,0.1,3.5,0.8,1.8,6.1,2.1,1.3,9.4,"Lake Roosevelt"
"FPIPO1D10-07_NA_07_05",0.3,3.2,0,3.5,0.9,1.2,5.6,5.5,5.6,16.7,"Lake Roosevelt"
"FPIPO1D10-08_NA_04_01",0.1,1.1,0,1.1,0.3,0,1.4,3.7,1.7,6.9,"Lake Roosevelt"
"FPIPO1D10-08_NA_-1_-1",0.5,7.1,1.6,9.2,1.2,3.3,13.8,64.7,7.7,86.2,"Lake Roosevelt"
"FPIPO1D10-08_NA_04_00",0.3,0.6,0,0.9,0.3,0,1.2,2.9,3,7,"Lake Roosevelt"
"FPIPO1D10-08_NA_07_02",0.3,2.9,1.6,4.8,0,0,4.8,1.9,2.3,9,"Lake Roosevelt"
"FPIPO1D10-08_NA_12_00",0.2,1.5,3.3,5,8.2,1.2,14.4,4.4,1.9,20.8,"Lake Roosevelt"
"FPIPO1D10-08_NA_12_01",0.2,1.5,3.3,5,8.2,1.2,14.4,4.4,1.9,20.8,"Lake Roosevelt"
"FPIPO1D10-08_NA_12_02",0.4,1.8,2.4,4.6,1.1,1.3,7.1,4,2.2,13.3,"Lake Roosevelt"
"FPIPO1D10-08_NA_12_05",0,5.2,2.4,7.6,8.5,1,17.1,6.5,3.6,27.2,"Lake Roosevelt"
"FPIPO1D10-09_NA_04_02",0.3,5.5,5.7,11.4,39.3,0,50.8,17.4,4.8,72.9,"Lake Roosevelt"
"FPIPO1D10-09_NA_04_01",0,0.9,4.9,5.8,21.9,0,27.7,9.1,3.4,40.2,"Lake Roosevelt"
"FPIPO1D10-09_NA_-1_-1",0.4,1.8,3.3,5.5,0,0.3,5.7,69.4,6,81.1,"Lake Roosevelt"
"FPIPO1D10-09_NA_04_00",0.2,0.9,4.1,5.1,15.1,0,20.2,10.4,1.2,31.8,"Lake Roosevelt"
"FPIPO1D10-09_NA_04_05",0.2,12.3,14.7,27.2,55.5,0,82.7,21.2,3.2,107.1,"Lake Roosevelt"
"FPIPO1D10-09_NA_04_10",0.1,8.5,18.7,27.3,42,10.8,80.2,6.2,2.3,88.7,"Lake Roosevelt"
"FPIPO1D10-09_NA_05_00",0.1,1.7,4.1,5.8,10.6,80.4,96.8,10.3,3,110,"Lake Roosevelt"
"FPIPO1D10-10_NA_04_02",0,1.7,3.3,5,0,5.6,10.5,23.6,2.9,37,"Lake Roosevelt"
"FPIPO1D10-10_NA_02_01",0.1,5.2,1.6,6.9,9.4,0,16.3,22.3,7.3,45.8,"Lake Roosevelt"
"FPIPO1D10-10_NA_-1_-1",0,2,2.4,4.4,4.4,0.7,9.5,34.3,13.5,57.4,"Lake Roosevelt"
"FPIPO1D10-10_NA_04_00",0,0.8,0.8,1.6,0,6.4,8,29.8,3.3,41.1,"Lake Roosevelt"
"FPIPO1D10-11_NA_04_02",0.3,3.3,3.3,6.9,19.9,3.7,30.4,21.2,3.5,55.2,"Lake Roosevelt"
"FPIPO1D10-11_NA_02_01",0.2,2.4,4.1,6.7,18.9,3.5,29.1,18,7.7,54.8,"Lake Roosevelt"
"FPIPO1D10-11_NA_-1_-1",0,1.8,4.1,5.9,8.6,4.5,19,32.9,12.8,64.6,"Lake Roosevelt"
"FPIPO1D10-11_NA_04_00",0.2,2.3,3.3,5.7,13.4,20.5,39.6,24.7,2.6,66.9,"Lake Roosevelt"
"FPIPO1D10-12_NA_04_02",0.1,2,4.9,7,2.6,11.3,20.9,20.4,4.2,45.5,"Lake Roosevelt"
"FPIPO1D10-12_NA_02_01",0.4,4.1,7.4,11.8,9.1,12.7,33.5,20.5,6.3,60.3,"Lake Roosevelt"
"FPIPO1D10-12_NA_-1_-1",0.5,5.6,7.4,13.5,1.6,13.4,28.5,36.7,11.3,76.5,"Lake Roosevelt"
"FPIPO1D10-12_NA_04_00",0,2,1.6,3.6,6,4,13.6,14.6,2.4,30.6,"Lake Roosevelt"
"FPIPO1D10-13_NA_02_01",0.8,5.3,21.2,27.3,19.2,10.5,57,25.1,4.9,86.9,"Lake Roosevelt"
"FPIPO1D10-13_NA_-1_-1",0.1,5.5,4.9,10.5,2,10.1,22.5,51.7,12.8,87,"Lake Roosevelt"
"FPIPO1D10-13_NA_14_01",0.3,4.7,9.8,14.8,14.5,2.8,32.1,20.1,4.6,56.9,"Lake Roosevelt"
"FPIPO1D10-13_NA_14_00",0.3,4.7,9.8,14.8,13.5,2.8,31.1,21,4.6,56.8,"Lake Roosevelt"
"FPIPO1D10-13_NA_14_02",0.2,6.8,4.9,11.9,8.5,8.1,28.5,19.5,3,51,"Lake Roosevelt"
"FPIPO1D10-13_NA_14_05",0.4,4.7,9.8,14.9,6.6,7,28.5,23.2,5.9,57.6,"Lake Roosevelt"
"FPIPO1D10-14_NA_02_01",0.3,1.5,2.4,4.3,24.9,18.5,47.7,38.9,10.6,97.2,"Lake Roosevelt"
"FPIPO1D10-14_NA_-1_-1",0.1,0.8,4.1,5,15.6,18.4,38.9,54.3,4.7,97.9,"Lake Roosevelt"
"FPIPO1D10-14_NA_04_00",0.2,1.1,3.3,4.5,46.6,22.8,73.9,15.6,3,92.5,"Lake Roosevelt"
"FPIPO1D10-14_NA_04_05",0.2,2.1,4.1,6.4,1.6,23.9,31.8,24.8,8.5,65.1,"Lake Roosevelt"
"FPIPO1D10-14_NA_04_03",0.3,2,1.6,3.9,9.4,17.5,30.8,25.6,4.5,60.9,"Lake Roosevelt"
"FPIPO1D10-15_NA_02_01",0.6,0.9,2.4,4,9.3,27.8,41.1,36.9,7.9,85.9,"Lake Roosevelt"
"FPIPO1D10-15_NA_-1_-1",1.2,1.4,3.3,5.8,2.8,31.4,40,43.7,7.6,91.3,"Lake Roosevelt"
"FPIPO1D10-15_NA_04_00",0.5,2,0.8,3.3,1.1,7.4,11.8,15.7,3.4,30.9,"Lake Roosevelt"
"FPIPO1D10-15_NA_04_05",0.9,3.8,0.8,5.5,0,6.8,12.3,28.9,8.3,49.5,"Lake Roosevelt"
"FPIPO1D10-15_NA_04_03",1.3,4,2.5,7.8,0,10.1,17.8,34.1,4.5,56.4,"Lake Roosevelt"
"FPIPO1D10-16_NA_02_01",0.5,5.2,1.6,7.3,21.4,2.3,31,46.5,12,89.5,"Lake Roosevelt"
"FPIPO1D10-16_NA_-1_-1",0.5,6.7,1.6,8.8,17.7,1.9,28.5,77.8,10.8,117.1,"Lake Roosevelt"
"FPIPO1D10-16_NA_04_00",0,2.3,0.8,3.1,29.1,3.2,35.4,22.8,2.6,60.7,"Lake Roosevelt"
"FPIPO1D10-16_NA_04_05",0.1,1.7,0.8,2.6,26.2,5.3,34.1,20.9,6,61,"Lake Roosevelt"
"FPIPO1D10-16_NA_04_03",0,1.2,1.6,2.9,20,17.3,40.2,29,3.8,73,"Lake Roosevelt"
"FPIPO1D10-17_NA_-1_-1",0.2,1.8,3.3,5.3,57.3,20.1,82.7,43.3,11.5,137.5,"Lake Roosevelt"
"FPIPO1D10-17_NA_03_00",1,4.6,1.6,7.2,14.3,62.3,83.8,83.7,7,174.5,"Lake Roosevelt"
"FPIPO1D10-17_NA_03_01",1,4.6,1.6,7.2,14.3,62.3,83.8,92.9,9.8,186.5,"Lake Roosevelt"
"FPIPO1D10-17_NA_03_02",0.6,4.2,2.4,7.3,7.2,118.9,133.4,78.6,5.3,217.3,"Lake Roosevelt"
"FPIPO1D10-17_NA_03_05",0.4,0.5,0,0.8,1.8,58.3,61,40.7,7.7,109.4,"Lake Roosevelt"
"FPIPO1D10-18_NA_-1_-1",0.9,4.8,6,11.7,19.9,34.2,65.8,31.3,5.7,102.7,"Lake Roosevelt"
"FPIPO1D10-18_NA_03_00",0.6,5.9,4.2,10.7,6.8,15.3,32.7,43,11.5,87.2,"Lake Roosevelt"
"FPIPO1D10-18_NA_03_01",0.6,5.9,4.2,10.7,6.8,15.3,32.7,43,11.5,87.2,"Lake Roosevelt"
"FPIPO1D10-18_NA_03_02",0.2,6.4,10.9,17.4,21.2,26.6,65.2,63.3,7.9,136.5,"Lake Roosevelt"
"FPIPO1D10-18_NA_03_05",0.1,7.2,11.8,19.2,11.2,25.8,56.2,47,8.2,111.3,"Lake Roosevelt"
"FPIPO1D10-19_NA_-1_-1",0.8,2.3,0,3.2,9.5,3.9,16.6,33,8.8,58.3,"Lake Roosevelt"
"FPIPO1D10-19_NA_03_00",0.4,3.1,1.7,5.2,12.6,7.4,25.2,52.6,13.5,91.3,"Lake Roosevelt"
"FPIPO1D10-19_NA_03_01",0.4,3.1,1.7,5.2,10.5,9.3,25,53.3,13.4,91.7,"Lake Roosevelt"
"FPIPO1D10-19_NA_03_02",0.4,2.6,0.8,3.9,12.7,9.4,25.9,80.1,4.9,110.9,"Lake Roosevelt"
"FPIPO1D10-19_NA_03_05",1,1.4,1.7,4.1,8.9,7,20,56.5,5.5,82.1,"Lake Roosevelt"
"FPIPO1D10-20_NA_-1_-1",0.2,1.7,0.8,2.6,0,1.4,4,15.4,5.4,24.8,"Lake Roosevelt"
"FPIPO1D10-20_NA_10_00",0.1,2,3.3,5.3,0,0,5.3,16.6,5.6,27.4,"Lake Roosevelt"
"FPIPO1D10-20_NA_10_01",0.1,2,3.3,5.3,0,0,5.3,16.6,5.6,27.4,"Lake Roosevelt"
"FPIPO1D10-20_NA_10_02",0.3,3.2,5.7,9.2,0,0,9.2,3.7,1.6,14.6,"Lake Roosevelt"
"FPIPO1D10-20_NA_10_05",0.7,3.6,5.7,10,0.3,0,10.3,20.1,4,34.4,"Lake Roosevelt"
"FPIPO1D10-20_NA_13_00",0.2,1.4,2.4,4,0,0,4,32.7,2.1,38.8,"Lake Roosevelt"
"FPIPO1D10-20_NA_13_02",0.3,2,2.4,4.7,0,0,4.7,3.4,3.2,11.3,"Lake Roosevelt"
"FPIPO1D10-21_NA_-1_-1",0.2,0.9,4.1,5.2,0.9,25.3,31.3,18.4,3.2,52.8,"Lake Roosevelt"
"FPIPO1D10-21_NA_10_00",0.3,2.1,6.5,8.9,1.1,5,15,11.2,2.4,28.7,"Lake Roosevelt"
"FPIPO1D10-21_NA_10_01",0.3,2.1,6.5,8.9,1.1,5,15,13.9,2,30.9,"Lake Roosevelt"
"FPIPO1D10-21_NA_10_02",0.2,2.7,4.1,7,7.2,0,14.2,5,1.4,20.6,"Lake Roosevelt"
"FPIPO1D10-21_NA_10_05",0.3,5.2,2.4,7.9,0.7,6.2,14.8,10.9,2.3,28,"Lake Roosevelt"
"FPIPO1D10-21_NA_13_00",0.8,2.7,1.6,5.2,2.7,0,7.9,31.8,1.4,41.1,"Lake Roosevelt"
"FPIPO1D10-21_NA_13_02",0.3,0.8,0.8,1.9,2.7,0,4.5,0.9,1.5,6.9,"Lake Roosevelt"
"FPIPO1D10-22_NA_-1_-1",0.2,2.9,1.6,4.8,0,3.7,8.5,9.3,5.6,23.3,"Lake Roosevelt"
"FPIPO1D10-22_NA_10_00",0.3,6.1,8.9,15.3,1.3,0.3,16.9,13.7,3.1,33.7,"Lake Roosevelt"
"FPIPO1D10-22_NA_10_01",0.3,6.1,8.9,15.3,1.3,0.3,16.9,13.7,3.1,33.7,"Lake Roosevelt"
"FPIPO1D10-22_NA_10_02",0.3,6.1,10.6,17,1.8,1.8,20.6,11.1,2.5,34.1,"Lake Roosevelt"
"FPIPO1D10-22_NA_10_05",0.8,4.9,8.9,14.6,1.3,1.8,17.7,19.6,3,40.3,"Lake Roosevelt"
"FPIPO1D10-22_NA_13_00",0.2,0.5,3.3,3.9,1.1,0.3,5.3,41.2,1.3,47.8,"Lake Roosevelt"
"FPIPO1D10-22_NA_13_02",0.3,1.5,2.4,4.3,1.3,0,5.6,6.6,3,15.2,"Lake Roosevelt"
"FPIPO1D10-23_NA_-1_-1",0.7,5.7,5,11.4,7.2,79.8,98.4,37.5,6.9,142.9,"Lake Roosevelt"
"FPIPO1D10-23_NA_03_00",0.6,3.6,4.1,8.3,18.3,1.1,27.6,26.9,3.1,57.6,"Lake Roosevelt"
"FPIPO1D10-23_NA_03_01",0.6,3.6,4.1,8.3,18.3,1.1,27.6,26.9,3.1,57.6,"Lake Roosevelt"
"FPIPO1D10-23_NA_03_02",0.4,2.3,4.1,6.8,11.2,12.6,30.7,31.3,8.5,70.5,"Lake Roosevelt"
"FPIPO1D10-24_NA_-1_-1",0.2,5.1,6.6,11.8,17.5,0.5,29.8,22.4,7,59.2,"Lake Roosevelt"
"FPIPO1D10-24_NA_03_00",0.2,5.8,3.3,9.4,22.3,0,31.7,16.3,3.1,51.1,"Lake Roosevelt"
"FPIPO1D10-24_NA_03_01",0.2,5.8,3.3,9.4,22.2,0,31.5,13.6,3.1,48.3,"Lake Roosevelt"
"FPIPO1D10-24_NA_03_02",0,7.4,2.5,9.9,36.8,0,46.7,35.5,6.1,88.3,"Lake Roosevelt"
"FPIPO1D10-24_NA_03_05",0.5,5.7,2.5,8.6,15.3,11.6,35.5,23.2,8.7,67.4,"Lake Roosevelt"
"FPIPO1D10-25_NA_-1_-1",0.4,1.4,1.7,3.6,9.1,44.3,56.9,66.3,9.3,132.5,"Lake Roosevelt"
"FPIPO1D10-25_NA_03_00",0.3,0.3,0,0.7,5.5,49,55.2,38.7,5.9,99.8,"Lake Roosevelt"
"FPIPO1D10-25_NA_03_01",0.3,0.3,0,0.7,5.5,49,55.2,38.7,5.9,99.8,"Lake Roosevelt"
"FPIPO1D10-25_NA_03_02",0.5,1.5,0,1.9,0.9,8.8,11.7,54.5,15.2,81.4,"Lake Roosevelt"
"FPIPO1D10-25_NA_03_05",0.5,4.1,3.4,7.9,0.9,3.4,12.3,70.3,9.6,92.2,"Lake Roosevelt"
"FPIPO1D10-26_NA_-1_-1",0.8,4.5,4.2,9.5,0.6,0.7,10.8,22.9,4.4,38.1,"Lake Roosevelt"
"FPIPO1D10-26_NA_03_00",0.4,3.9,0.8,5.1,2.1,0.5,7.8,21.8,2.4,31.9,"Lake Roosevelt"
"FPIPO1D10-26_NA_03_01",0.4,3.9,0.8,5.1,2.1,0.5,7.8,21.8,2.4,31.9,"Lake Roosevelt"
"FPIPO1D10-26_NA_03_02",0.2,2.2,0,2.4,2.5,2.4,7.3,30.7,2.6,40.6,"Lake Roosevelt"
"FPIPO1D10-26_NA_15_00",0.9,6.1,2.5,9.5,0.3,13.1,22.8,32.6,6.1,61.5,"Lake Roosevelt"
"FPIPO1D10-26_NA_15_01",0.9,6.1,2.5,9.5,0.3,13.1,22.8,32.6,6.1,61.5,"Lake Roosevelt"
"FPIPO1D10-26_NA_15_05",0.3,3.6,3.3,7.2,4.3,5,16.6,38.2,5.4,60.1,"Lake Roosevelt"
"FPIPO1D10-27_NA_-1_-1",0.2,3.7,4.2,8.1,9.5,5.2,22.7,28,8,58.7,"Lake Roosevelt"
"FPIPO1D10-27_NA_03_00",0.3,5.1,6.8,12.2,5.6,11.6,29.4,19.5,4.7,53.6,"Lake Roosevelt"
"FPIPO1D10-27_NA_03_01",0.3,5.1,6.8,12.2,5.6,11.6,29.4,19.5,4.7,53.6,"Lake Roosevelt"
"FPIPO1D10-27_NA_03_02",0.3,5.3,3.4,9,3,12.4,24.3,34.7,4.7,63.8,"Lake Roosevelt"
"FPIPO1D10-27_NA_15_00",0.3,4.7,1.8,6.7,0,11,17.7,33.9,4.6,56.2,"Lake Roosevelt"
"FPIPO1D10-27_NA_15_01",0.3,4.7,1.8,6.7,0,11,17.7,33.9,4.6,56.2,"Lake Roosevelt"
"FPIPO1D10-27_NA_15_05",0.2,3.7,2.6,6.5,2.9,12.1,21.5,53.9,11.5,86.9,"Lake Roosevelt"
"FPIPO1D10-28_NA_-1_-1",0.3,1.9,4.2,6.4,7.4,7,20.8,21.6,4.9,47.2,"Lake Roosevelt"
"FPIPO1D10-28_NA_03_00",0.2,1.3,4.2,5.6,13.1,5.5,24.3,14.3,2.6,41.2,"Lake Roosevelt"
"FPIPO1D10-28_NA_03_01",0.2,1.3,4.2,5.6,13.1,5.5,24.3,14.3,2.6,41.2,"Lake Roosevelt"
"FPIPO1D10-28_NA_03_02",0.1,1.9,0.8,2.9,3,10.4,16.3,30.2,5.6,52.1,"Lake Roosevelt"
"FPIPO1D10-28_NA_03_05",0.1,2.8,2.5,5.4,1.1,11.2,17.7,23.1,5.1,46,"Lake Roosevelt"
"FPIPO1D10-29_NA_-1_-1",0.1,1.2,2.5,3.8,37.6,0.3,41.7,31.9,8.3,81.8,"Lake Roosevelt"
"FPIPO1D10-29_NA_03_00",0.2,2.5,4.2,7,2.3,14.1,23.4,36.7,3.2,63.3,"Lake Roosevelt"
"FPIPO1D10-29_NA_03_01",0.2,2.5,4.2,7,2.3,14.1,23.4,36.7,3.2,63.3,"Lake Roosevelt"
"FPIPO1D10-29_NA_03_02",0.1,2.5,2.5,5.1,4.4,25.3,34.9,27.4,6.5,68.9,"Lake Roosevelt"
"FPIPO1D10-29_NA_15_00",0.1,3,9.2,12.3,14.5,12.6,39.4,40.3,4.9,84.6,"Lake Roosevelt"
"FPIPO1D10-29_NA_15_02",0.1,3,9.2,12.3,14.5,12.6,39.4,42.4,5.2,86.9,"Lake Roosevelt"
"FPIPO1D10-29_NA_15_05",0,1.8,4.2,6,0,32.5,38.5,34.1,12.2,84.8,"Lake Roosevelt"
"FPIPO1D10-30_NA_-1_-1",0.2,1.7,3.4,5.3,9.1,10.3,24.7,50.9,10.8,86.4,"Lake Roosevelt"
"FPIPO1D10-30_NA_03_00",0,2.3,5.8,8.2,10.9,2.4,21.5,48.6,5,75.1,"Lake Roosevelt"
"FPIPO1D10-30_NA_03_01",0,2.3,5.8,8.2,10.9,2.6,21.7,48.6,5,75.3,"Lake Roosevelt"
"FPIPO1D10-30_NA_03_02",0,4.4,2.5,6.9,9.8,2.8,19.5,63.2,10.2,93,"Lake Roosevelt"
"FPIPO1D10-30_NA_15_00",0,1.6,2.5,4.1,3.5,13.8,21.3,84.2,10.5,116,"Lake Roosevelt"
"FPIPO1D10-30_NA_15_02",0,1.6,2.5,4.1,3.5,13.8,21.3,84.2,10.5,116,"Lake Roosevelt"
"FPIPO1D10-30_NA_15_05",0.1,3,3.4,6.4,0,7.1,13.5,63.4,9.5,86.4,"Lake Roosevelt"
"FPIPO1D10-31_NA_-1_-1",0.2,2.3,6.2,8.7,9.4,20,38.1,53.5,10.4,102,"Lake Roosevelt"
"FPIPO1D10-31_NA_03_00",0,1.6,3.3,5,8.3,14.9,28.2,42.7,5.9,76.8,"Lake Roosevelt"
"FPIPO1D10-31_NA_03_01",0,1.6,3.3,5,8.3,14.9,28.2,41.9,5.9,76,"Lake Roosevelt"
"FPIPO1D10-31_NA_03_02",0,1.7,4.1,5.9,9.4,4.5,19.9,40.7,6.6,67.2,"Lake Roosevelt"
"FPIPO1D10-31_NA_15_00",0.2,3.5,4.5,8.1,5.8,10.8,24.7,72,6.8,103.6,"Lake Roosevelt"
"FPIPO1D10-31_NA_15_02",0.2,3.5,4.5,8.1,5.8,10.8,24.7,72,6.8,103.6,"Lake Roosevelt"
"FPIPO1D10-31_NA_15_05",0.1,1.6,4.3,6,4.2,4.1,14.3,63.7,7.8,85.8,"Lake Roosevelt"
"FPIPO1D10-32_NA_-1_-1",0.5,4.6,4.1,9.2,42.2,2.6,53.9,16.7,9.5,80.1,"Lake Roosevelt"
"FPIPO1D10-32_NA_10_00",0.2,8.2,10.6,19,25.3,37.8,82.1,35.2,3.4,120.7,"Lake Roosevelt"
"FPIPO1D10-32_NA_10_01",0.2,8.2,10.6,19,23.7,37.8,80.5,35.2,3.4,119.1,"Lake Roosevelt"
"FPIPO1D10-32_NA_10_02",0.2,6.4,4.9,11.4,11.4,33,55.8,39.5,7.2,102.4,"Lake Roosevelt"
"FPIPO1D10-32_NA_19_00",0.1,4.9,5.7,10.6,3.9,15.1,29.6,39.3,8.4,77.3,"Lake Roosevelt"
"FPIPO1D10-32_NA_19_02",0.1,4.9,5.7,10.6,4.3,16.7,31.6,39.3,8.4,79.2,"Lake Roosevelt"
"FPIPO1D10-32_NA_19_05",0.2,5,4.9,10.1,2.6,14.1,26.8,56.9,7.6,91.3,"Lake Roosevelt"
"FPIPO1D10-33_NA_-1_-1",0,2,4.3,6.4,9.7,3,19.1,60,10.5,89.6,"Lake Roosevelt"
"FPIPO1D10-33_NA_03_00",0.1,4.6,3.3,8.1,4.8,11.9,24.8,55.9,5.8,86.6,"Lake Roosevelt"
"FPIPO1D10-33_NA_03_01",0.1,4.6,3.3,8.1,4.8,11.9,24.8,55.9,5.8,86.6,"Lake Roosevelt"
"FPIPO1D10-33_NA_03_02",0.1,6.7,1.7,8.5,6.5,8.9,23.9,130.9,5.9,160.7,"Lake Roosevelt"
"FPIPO1D10-33_NA_15_00",0.1,3.6,1.7,5.4,0.3,5.4,11.1,67.9,10,89,"Lake Roosevelt"
"FPIPO1D10-33_NA_15_02",0.1,3.6,1.7,5.4,0.3,5.4,11.1,67.9,10,89,"Lake Roosevelt"
"FPIPO1D10-33_NA_15_05",0,4.7,3.3,8,1,2.7,11.8,76.7,9.5,98,"Lake Roosevelt"
"FPIPO1D10-34_NA_-1_-1",0.4,3.3,7.5,11.1,10.8,1.4,23.2,41.2,8.9,73.4,"Lake Roosevelt"
"FPIPO1D10-34_NA_10_00",0.2,6.4,5.8,12.3,16.6,10.7,39.6,50.4,10.6,100.7,"Lake Roosevelt"
"FPIPO1D10-34_NA_10_01",0.2,6.4,5.8,12.3,16.6,10.7,39.6,50.4,10.6,100.7,"Lake Roosevelt"
"FPIPO1D10-34_NA_10_02",0.3,4.8,7.4,12.6,17.4,7.1,37,37,4.4,78.4,"Lake Roosevelt"
"FPIPO1D10-34_NA_19_00",0.2,1.7,0,1.9,0.3,9.3,11.6,44.1,8.3,64,"Lake Roosevelt"
"FPIPO1D10-34_NA_19_02",0.2,1.7,0,1.9,0.3,9.3,11.6,44.1,8.3,64,"Lake Roosevelt"
"FPIPO1D10-34_NA_19_05",0.3,2.5,2.5,5.3,0,7.1,12.3,43.1,7.9,63.3,"Lake Roosevelt"
"FPIPO1D10-35_NA_-1_-1",0.5,3.3,5.1,8.9,19.3,29.3,57.5,43,9.3,109.8,"Lake Roosevelt"
"FPIPO1D10-35_NA_03_00",0.6,4.3,2.6,7.5,4.7,28.2,40.4,31.4,7,78.8,"Lake Roosevelt"
"FPIPO1D10-35_NA_03_01",0.6,4.3,2.6,7.5,4.7,28.2,40.4,31.4,7,78.8,"Lake Roosevelt"
"FPIPO1D10-35_NA_03_05",0.6,2.8,3.4,6.8,2,29.5,38.2,33.6,7.7,79.6,"Lake Roosevelt"
"FPIPO1D10-36_NA_-1_-1",0.1,2.8,5.8,8.6,27.3,8,43.9,28.2,10.2,82.3,"Lake Roosevelt"
"FPIPO1D10-36_NA_03_00",0.4,4,6.6,11,22.5,9.2,42.7,31.5,8.3,82.4,"Lake Roosevelt"
"FPIPO1D10-36_NA_03_01",0.4,4,6.6,11,22.4,9.2,42.6,31.5,8.3,82.4,"Lake Roosevelt"
"FPIPO1D10-36_NA_03_05",0.5,2.6,2.5,5.6,15.6,37.1,58.2,44.3,5.7,108.2,"Lake Roosevelt"
"FPIPO1D10-37_NA_-1_-1",0.7,5,8.1,13.9,26,11,50.8,54.1,9.7,114.6,"Lake Roosevelt"
"FPIPO1D10-37_NA_03_00",0.2,4.7,9,13.9,11.9,9.7,35.4,33.6,9.8,78.9,"Lake Roosevelt"
"FPIPO1D10-37_NA_03_01",0.2,4.7,9,13.9,11.9,9.7,35.4,33.6,9.8,78.9,"Lake Roosevelt"
"FPIPO1D10-37_NA_03_05",0.6,2.9,4.1,7.5,2.1,26.4,36,53.7,10.2,99.9,"Lake Roosevelt"
"FPIPO1D10-38_NA_-1_-1",0.3,1.2,2.4,3.9,6.4,0,10.3,18.3,4.2,32.8,"Lake Roosevelt"
"FPIPO1D10-38_NA_03_00",0.2,2.4,0.8,3.4,1.1,0,4.5,14,3.8,22.4,"Lake Roosevelt"
"FPIPO1D10-38_NA_03_01",0.2,2.4,0.8,3.4,1.1,0,4.5,14,3.8,22.4,"Lake Roosevelt"
"FPIPO1D10-38_NA_03_02",0.2,3,0.8,4.1,5.3,3.9,13.2,19.8,6.1,39.1,"Lake Roosevelt"
"FPIPO1D10-39_NA_-1_-1",0.5,2.2,2.6,5.2,0,0,5.2,26,2.4,33.7,"Lake Roosevelt"
"FPIPO1D10-39_NA_03_00",0.5,2.8,0.8,4.1,0,0,4.1,26.3,3.9,34.4,"Lake Roosevelt"
"FPIPO1D10-39_NA_03_01",0.5,2.8,0.8,4.1,0,0,4.1,26.3,3.9,34.4,"Lake Roosevelt"
"FPIPO1D10-39_NA_03_03",0.5,2.6,0.8,3.9,0,3.7,7.6,20.6,7.8,36,"Lake Roosevelt"
"FPIPO1D10-40_NA_-1_-1",0,0.6,0.8,1.5,41.6,8.6,51.7,30.8,4.4,86.9,"Lake Roosevelt"
"FPIPO1D10-40_NA_03_00",0,1.1,0,1.1,22.9,12.8,36.8,20.7,3.5,61.1,"Lake Roosevelt"
"FPIPO1D10-40_NA_03_01",0,1.1,0,1.1,22.9,12.8,36.8,20.7,3.5,61.1,"Lake Roosevelt"
"FPIPO1D10-40_NA_03_03",0.2,1.1,0,1.3,25.1,16.1,42.5,47.2,4.8,94.5,"Lake Roosevelt"
"FPIPO1D10-41_NA_-1_-1",0.2,0.8,0.8,1.8,0.6,4.6,7.1,22.9,9.6,39.5,"Lake Roosevelt"
"FPIPO1D10-41_NA_03_00",0.3,1.1,0,1.4,0.3,8.2,9.9,21.8,4.3,36,"Lake Roosevelt"
"FPIPO1D10-41_NA_03_02",0.3,0.9,0,1.2,0.3,8.2,9.7,22,4.3,36,"Lake Roosevelt"
"FPIPO1D10-41_NA_03_05",0.1,2.2,0,2.3,2.9,11,16.2,30.9,7,54,"Lake Roosevelt"
"FPIPO1D10-42_NA_-1_-1",0.2,5.5,10,15.6,1,1.7,18.3,33.9,12.3,64.5,"Lake Roosevelt"
"FPIPO1D10-42_NA_03_00",0.6,6.7,5,12.2,6.2,308.7,327.2,41.7,8.4,377.3,"Lake Roosevelt"
"FPIPO1D10-42_NA_03_02",0.6,6.7,5,12.2,0.6,30.9,43.7,41.7,8.4,93.8,"Lake Roosevelt"
"FPIPO1D10-42_NA_03_05",0.2,4.4,9.3,13.8,0.5,2.6,17,49.6,9.2,75.8,"Lake Roosevelt"
"FPIPO1D10-43_NA_-1_-1",0.3,3.7,4.9,8.9,13.1,18.1,40.2,59,6.8,105.9,"Lake Roosevelt"
"FPIPO1D10-43_NA_03_00",0.1,2.8,4.1,6.9,10.3,21.9,39.1,46.8,7.1,92.9,"Lake Roosevelt"
"FPIPO1D10-43_NA_03_02",0.1,2.8,4.1,6.9,10.3,21.9,39.1,46.8,7.1,92.9,"Lake Roosevelt"
"FPIPO1D10-43_NA_03_05",0.2,4.4,5.8,10.4,0,21.7,32.1,50.8,8.3,91.3,"Lake Roosevelt"
"FPIPO1D10-44_NA_-1_-1",0.7,3.6,4.9,9.3,0,10.5,19.8,30.5,5.3,55.6,"Lake Roosevelt"
"FPIPO1D10-44_NA_03_00",0.6,2.1,2.4,5.1,0,9.8,14.9,30.9,2,47.8,"Lake Roosevelt"
"FPIPO1D10-44_NA_03_02",0.6,2.1,2.4,5.1,0,4.4,9.5,30.9,2,42.4,"Lake Roosevelt"
"FPIPO1D10-44_NA_03_05",0.4,3.2,6.5,10.1,0,0.9,11,32.3,4.6,47.9,"Lake Roosevelt"
"FPIPO1D10-45_NA_-1_-1",0.9,3,0,4,0,8.6,12.6,16.4,5.5,34.5,"Lake Roosevelt"
"FPIPO1D10-45_NA_03_00",0.4,2.3,2.4,5.1,0.5,3.4,9,15.8,1.9,26.7,"Lake Roosevelt"
"FPIPO1D10-45_NA_03_02",0.4,2.3,2.4,5.1,0.5,3.4,9,16.7,1.9,27.6,"Lake Roosevelt"
"FPIPO1D10-45_NA_03_05",0.6,1.7,2.4,4.7,6.3,1.7,12.7,31.6,4.7,48.9,"Lake Roosevelt"
"FPIPO1D10-46_NA_-1_-1",0.3,4.1,1.6,6,2.6,0.7,9.3,41,6.2,56.5,"Lake Roosevelt"
"FPIPO1D10-46_NA_03_00",1,2.4,5.7,9.2,3.3,13.3,25.8,29.1,6.6,61.5,"Lake Roosevelt"
"FPIPO1D10-46_NA_03_02",1,2.4,5.7,9.2,3.3,13.3,25.8,29.1,6.6,61.5,"Lake Roosevelt"
"FPIPO1D10-46_NA_03_05",0.4,3.5,3.3,7.2,0.5,14.1,21.8,50.4,6.5,78.8,"Lake Roosevelt"
"FPIPO1D10-47_NA_02_01",0.6,0.2,0.8,1.6,9.1,0,10.7,21.5,4.6,36.8,"Lake Roosevelt"
"FPIPO1D10-47_NA_-1_-1",0.3,0.2,2.4,2.9,0.3,0.3,3.5,21.5,6.2,31.2,"Lake Roosevelt"
"FPIPO1D10-47_NA_03_00",0,0,0,0,0,0,0,0,0,0,"Lake Roosevelt"
"FPIPO1D10-47_NA_20_02",0.3,0,1.6,2,0.3,0,2.3,14.5,6.8,23.5,"Lake Roosevelt"
"FPIPO1D10-48_NA_02_01",0.2,3,8.2,11.4,36.1,0,47.5,35.3,8.1,90.9,"Lake Roosevelt"
"FPIPO1D10-48_NA_-1_-1",0.3,1.3,2.4,4,5.3,0,9.3,17.9,7.7,34.9,"Lake Roosevelt"
"FPIPO1D10-48_NA_03_00",0.6,5.9,3.3,9.8,0.3,2.4,12.6,45.1,6.9,64.6,"Lake Roosevelt"
"FPIPO1D10-48_NA_03_02",0.6,3,3.3,6.9,0.3,2.4,9.6,45,6.9,61.5,"Lake Roosevelt"
"FPIPO1D10-49_NA_02_01",1.1,3.6,1.6,6.4,19.1,6.7,32.2,52.9,9.3,94.4,"Lake Roosevelt"
"FPIPO1D10-49_NA_-1_-1",0.3,2.7,1.6,4.7,1.2,4.9,10.9,29.2,15,55.1,"Lake Roosevelt"
"FPIPO1D10-49_NA_20_02",0.1,2,0,2,2.5,2.6,7.2,36.3,12.4,55.8,"Lake Roosevelt"
"FPIPO1D10-50_NA_-1_-1",0.4,1.4,0,1.7,57.2,90.8,149.7,33,10.4,193.1,"Lake Roosevelt"
"FPIPO1D10-50_NA_03_00",0.4,2.4,1.6,4.4,1.3,0.7,6.5,30.9,6.2,43.6,"Lake Roosevelt"
"FPIPO1D10-50_NA_03_02",0.4,2.4,1.6,4.4,86.4,49.5,140.3,30.9,6.2,177.4,"Lake Roosevelt"
"FPIPO1D10-51_NA_-1_-1",0.3,4.7,3.3,8.3,14.8,8.1,31.1,49.7,6,86.8,"Lake Roosevelt"
"FPIPO1D10-51_NA_03_00",0.7,4.1,0.8,5.6,13.7,4.6,24,38.6,6.9,69.4,"Lake Roosevelt"
"FPIPO1D10-51_NA_03_02",0.7,4.1,0.8,5.6,13.7,4.6,24,38.6,6.9,69.4,"Lake Roosevelt"
"FPIPO1D10-52_NA_-1_-1",1,10,3.3,14.3,6.3,1,21.5,40.9,6.8,69.3,"Lake Roosevelt"
"FPIPO1D10-52_NA_03_00",0.4,5.6,2.4,8.5,7.3,2.5,18.3,38.6,7.6,64.5,"Lake Roosevelt"
"FPIPO1D10-52_NA_03_02",0.4,5.6,2.4,8.5,7.3,2.5,18.3,38.6,7.6,64.5,"Lake Roosevelt"
"FPIPO1D10-53_NA_-1_-1",0.1,2,6.6,8.7,9.7,9.5,27.9,19.8,3.3,51,"Lake Roosevelt"
"FPIPO1D10-53_NA_03_00",0.1,1.5,0.8,2.5,1.1,5.2,8.8,11.3,7.8,27.9,"Lake Roosevelt"
"FPIPO1D10-53_NA_03_02",0.1,1.5,0.8,2.5,1.1,5.2,8.8,11.3,8,28.1,"Lake Roosevelt"
"FPIPO1D10-54_NA_-1_-1",0,0.9,1.6,2.6,36.8,2.9,42.4,28.3,3.8,74.5,"Lake Roosevelt"
"FPIPO1D10-54_NA_03_00",0.1,2.2,5.7,8,0.4,4.4,12.9,15.5,7.3,35.7,"Lake Roosevelt"
"FPIPO1D10-54_NA_03_02",0.1,2.2,5.7,8,0.5,4.7,13.2,15.5,7.3,36,"Lake Roosevelt"
"FPIPO1D10-55_NA_-1_-1",0,1.7,0,1.7,15.7,2.8,20.3,35.9,4.7,60.9,"Lake Roosevelt"
"FPIPO1D10-55_NA_03_00",0.3,2.2,0,2.4,0.9,13.4,16.7,32.2,8.4,57.3,"Lake Roosevelt"
"FPIPO1D10-55_NA_03_02",0.3,2.2,0,2.4,0.9,13.4,16.7,33.2,8.4,58.3,"Lake Roosevelt"
"FPIPO1D10-56_NA_-1_-1",0.5,2.6,0,3.1,0,0.3,3.3,44.2,5,52.5,"Lake Roosevelt"
"FPIPO1D10-56_NA_03_00",0.4,2.4,0,2.8,0,0,2.8,32.9,6.8,42.4,"Lake Roosevelt"
"FPIPO1D10-56_NA_03_02",0.4,2.4,0,2.8,0,0,2.8,32.9,7,42.7,"Lake Roosevelt"
"FPIPO1D10-57_NA_-1_-1",0.8,4.4,4.9,10.1,0.3,1.6,12.1,32.8,8.8,53.7,"Lake Roosevelt"
"FPIPO1D10-58_NA_-1_-1",0.2,1.1,1.6,2.9,5,68.9,76.8,67.5,8.7,153,"Lake Roosevelt"
"FPIPO1D10-59_NA_-1_-1",0.2,2.7,0,3,16.1,17.4,36.5,63.8,10.2,110.6,"Lake Roosevelt"
"FPIPO1D10-60_NA_-1_-1",0.2,5.5,2.4,8.1,22.9,20.8,51.8,29.1,7.3,88.2,"Lake Roosevelt"
"FPIPO2D10-01_NA_-1_-1",0.2,0.8,0,0.9,0,0,0.9,30.8,3.4,35.1,"Lake Roosevelt"
"FPIPO2D10-01_NA_03_00",0.2,0.8,0.8,1.8,0,0,1.8,13.5,1.6,16.9,"Lake Roosevelt"
"FPIPO2D10-01_NA_03_01",0.2,0.8,0.8,1.8,0,0,1.8,13.5,1.6,16.9,"Lake Roosevelt"
"FPIPO2D10-01_NA_03_02",0,1.5,0,1.5,0,0.3,1.8,45,5.5,52.3,"Lake Roosevelt"
"FPIPO2D10-01_NA_03_05",0.2,0.5,1.6,2.2,0,0,2.2,24.8,2.4,29.4,"Lake Roosevelt"
"FPIPO2D10-02_NA_-1_-1",0.2,0.6,1.6,2.4,19.7,11.6,33.7,33.9,3.9,71.5,"Lake Roosevelt"
"FPIPO2D10-02_NA_03_00",0.1,1.2,0.8,2.2,22.8,10.3,35.2,22.2,2.6,60.1,"Lake Roosevelt"
"FPIPO2D10-02_NA_03_01",0.1,1.2,0.8,2.2,22.8,10.3,35.2,22.2,2.6,60.1,"Lake Roosevelt"
"FPIPO2D10-02_NA_03_02",0.1,2.4,0.8,3.3,32.6,8.6,44.5,32.1,3,79.5,"Lake Roosevelt"
"FPIPO2D10-02_NA_03_05",0.6,1.7,4.1,6.3,17.2,5.6,29.1,14.9,3.1,47.1,"Lake Roosevelt"
"FPIPO2D10-03_NA_-1_-1",0.3,0.6,0,0.9,22.1,8.1,31.1,29.7,4.2,65,"Lake Roosevelt"
"FPIPO2D10-03_NA_03_00",0.7,1.7,0.8,3.2,5.4,10.2,18.8,14.2,1.7,34.8,"Lake Roosevelt"
"FPIPO2D10-03_NA_03_01",0.7,1.7,0.8,3.2,5.4,10.2,18.8,14.2,1.7,34.8,"Lake Roosevelt"
"FPIPO2D10-03_NA_03_02",0.7,0.9,0.8,2.5,4.6,12,19,36.2,6.3,61.6,"Lake Roosevelt"
"FPIPO2D10-03_NA_03_05",0.6,1.1,0.8,2.5,0,13.2,15.7,32.9,3.6,52.2,"Lake Roosevelt"
